CREATE TABLE PAIS (COD_PAIS CHAR(5) PRIMARY KEY, NOMBRE VARCHAR(20) NOT NULL);
CREATE TABLE ACTOR (COD_ACT CHAR(5) PRIMARY KEY, NOMBRE VARCHAR(70), FECHA_NAC DATE, COD_PAIS CHAR(5) REFERENCES PAIS (COD_PAIS));
CREATE TABLE GENERO (COD_GEN CHAR(5) PRIMARY KEY, NOMBRE VARCHAR(30));
CREATE TABLE LIBRO_PELI (COD_LIB CHAR(5) PRIMARY KEY, TITULO VARCHAR(70) NOT NULL, ANYO INTEGER, AUTOR VARCHAR(80) NOT NULL);
CREATE TABLE PELICULA (COD_PELI CHAR(5) PRIMARY KEY, TITULO VARCHAR(70) NOT NULL, ANYO INTEGER, DURACION INTEGER NOT NULL CHECK (DURACION > 0), COD_LIB CHAR(5) REFERENCES LIBRO_PELI (COD_LIB), DIRECTOR VARCHAR(70));
CREATE TABLE CLASIFICACION (COD_PELI CHAR(5) REFERENCES PELICULA (COD_PELI), COD_GEN CHAR(5) REFERENCES GENERO (COD_GEN), PRIMARY KEY (COD_PELI, COD_GEN));
CREATE TABLE ACTUA (COD_PELI CHAR(5) REFERENCES PELICULA (COD_PELI), COD_ACT CHAR(5) REFERENCES ACTOR (COD_ACT), PAPEL VARCHAR(10) NOT NULL CHECK (PAPEL IN ('Principal', 'Secundario')), PRIMARY KEY (COD_PELI, COD_ACT));

Insert into PAIS (COD_PAIS,NOMBRE) values ('hg45 ','Alemania');
Insert into PAIS (COD_PAIS,NOMBRE) values ('ty11 ','UK');
Insert into PAIS (COD_PAIS,NOMBRE) values ('zf58 ','Australia');
Insert into PAIS (COD_PAIS,NOMBRE) values ('ad63 ','Bélgica');
Insert into PAIS (COD_PAIS,NOMBRE) values ('nb12 ','Cuba');
Insert into PAIS (COD_PAIS,NOMBRE) values ('sf15 ','USA');
Insert into PAIS (COD_PAIS,NOMBRE) values ('sd53 ','Francia');
Insert into PAIS (COD_PAIS,NOMBRE) values ('gg74 ','Canadá');
Insert into PAIS (COD_PAIS,NOMBRE) values ('hy76 ','Italia');
Insert into PAIS (COD_PAIS,NOMBRE) values ('rt89 ','Austria');
Insert into PAIS (COD_PAIS,NOMBRE) values ('we74 ','España');

Insert into ACTOR (COD_ACT,NOMBRE,FECHA_NAC,COD_PAIS) values ('U88  ','Morgan Freeman',str_to_date('01/06/1937','%d/%m/%Y'),'sf15 ');
Insert into ACTOR (COD_ACT,NOMBRE,FECHA_NAC,COD_PAIS) values ('V88  ','George Peppard',str_to_date('01/10/1928','%d/%m/%Y'),'sf15 ');
Insert into ACTOR (COD_ACT,NOMBRE,FECHA_NAC,COD_PAIS) values ('X45  ','Julie Andrews',str_to_date('01/10/1935','%d/%m/%Y'),'ty11 ');
Insert into ACTOR (COD_ACT,NOMBRE,FECHA_NAC,COD_PAIS) values ('D45  ','Javier Bardem',str_to_date('01/03/1969','%d/%m/%Y'),'we74 ');
Insert into ACTOR (COD_ACT,NOMBRE,FECHA_NAC,COD_PAIS) values ('K58  ','Stanley Holloway',str_to_date('01/10/1890','%d/%m/%Y'),'ty11 ');
Insert into ACTOR (COD_ACT,NOMBRE,FECHA_NAC,COD_PAIS) values ('H77  ','Peter None',str_to_date('02/05/1954','%d/%m/%Y'),'sd53 ');
Insert into ACTOR (COD_ACT,NOMBRE,FECHA_NAC,COD_PAIS) values ('S51  ','Tom Cruise',str_to_date('03/07/1962','%d/%m/%Y'),'sf15 ');
Insert into ACTOR (COD_ACT,NOMBRE,FECHA_NAC,COD_PAIS) values ('J56  ','Marlon Brandon',str_to_date('03/04/1924','%d/%m/%Y'),'sf15 ');
Insert into ACTOR (COD_ACT,NOMBRE,FECHA_NAC,COD_PAIS) values ('D14  ','Martin Sheen',str_to_date('03/08/1940','%d/%m/%Y'),'sf15 ');
Insert into ACTOR (COD_ACT,NOMBRE,FECHA_NAC,COD_PAIS) values ('D49  ','Audrey Hepburn',str_to_date('04/05/1929','%d/%m/%Y'),'ad63 ');
Insert into ACTOR (COD_ACT,NOMBRE,FECHA_NAC,COD_PAIS) values ('A47  ','Robert Downey Jr.',str_to_date('04/04/1965','%d/%m/%Y'),'sf15 ');
Insert into ACTOR (COD_ACT,NOMBRE,FECHA_NAC,COD_PAIS) values ('E45  ','Susan Sarandon',str_to_date('04/10/1946','%d/%m/%Y'),'sf15 ');
Insert into ACTOR (COD_ACT,NOMBRE,FECHA_NAC,COD_PAIS) values ('E22  ','Diane Keaton',str_to_date('05/01/1946','%d/%m/%Y'),'sf15 ');
Insert into ACTOR (COD_ACT,NOMBRE,FECHA_NAC,COD_PAIS) values ('S56  ','Elke Sommer',str_to_date('05/11/1940','%d/%m/%Y'),'hg45 ');
Insert into ACTOR (COD_ACT,NOMBRE,FECHA_NAC,COD_PAIS) values ('K78  ','Kate Winslet',str_to_date('05/10/1975','%d/%m/%Y'),'ty11 ');
Insert into ACTOR (COD_ACT,NOMBRE,FECHA_NAC,COD_PAIS) values ('P09  ','Pietro Nesuno',str_to_date('05/11/1943','%d/%m/%Y'),'we74 ');
Insert into ACTOR (COD_ACT,NOMBRE,FECHA_NAC,COD_PAIS) values ('D01  ','Vivien Leigh',str_to_date('05/11/1913','%d/%m/%Y'),'ty11 ');
Insert into ACTOR (COD_ACT,NOMBRE,FECHA_NAC,COD_PAIS) values ('C15  ','Robert Duvall',str_to_date('05/01/1931','%d/%m/%Y'),'sf15 ');
Insert into ACTOR (COD_ACT,NOMBRE,FECHA_NAC,COD_PAIS) values ('T44  ','Rex Harrison',str_to_date('05/03/1908','%d/%m/%Y'),'ty11 ');
Insert into ACTOR (COD_ACT,NOMBRE,FECHA_NAC,COD_PAIS) values ('F55  ','George Clooney',str_to_date('06/05/1961','%d/%m/%Y'),'sf15 ');
Insert into ACTOR (COD_ACT,NOMBRE,FECHA_NAC,COD_PAIS) values ('Q47  ','Ludwig Donath',str_to_date('06/03/1900','%d/%m/%Y'),'rt89 ');
Insert into ACTOR (COD_ACT,NOMBRE,FECHA_NAC,COD_PAIS) values ('B45  ','Kim Basinger',str_to_date('08/12/1953','%d/%m/%Y'),'sf15 ');
Insert into ACTOR (COD_ACT,NOMBRE,FECHA_NAC,COD_PAIS) values ('S65  ','Kevin Bacon',str_to_date('08/07/1958','%d/%m/%Y'),'sf15 ');
Insert into ACTOR (COD_ACT,NOMBRE,FECHA_NAC,COD_PAIS) values ('C52  ','Matt Damon',str_to_date('08/10/1970','%d/%m/%Y'),'sf15 ');
Insert into ACTOR (COD_ACT,NOMBRE,FECHA_NAC,COD_PAIS) values ('S52  ','Dennis Quaid',str_to_date('09/04/1954','%d/%m/%Y'),'sf15 ');
Insert into ACTOR (COD_ACT,NOMBRE,FECHA_NAC,COD_PAIS) values ('D56  ','Tom Hanks',str_to_date('09/07/1956','%d/%m/%Y'),'sf15 ');
Insert into ACTOR (COD_ACT,NOMBRE,FECHA_NAC,COD_PAIS) values ('F56  ','Richard Burton',str_to_date('10/11/1925','%d/%m/%Y'),'ty11 ');
Insert into ACTOR (COD_ACT,NOMBRE,FECHA_NAC,COD_PAIS) values ('K45  ','Antonio Banderas',str_to_date('10/08/1960','%d/%m/%Y'),'we74 ');
Insert into ACTOR (COD_ACT,NOMBRE,FECHA_NAC,COD_PAIS) values ('E33  ','Leonardo DiCaprio',str_to_date('11/11/1978','%d/%m/%Y'),'sf15 ');
Insert into ACTOR (COD_ACT,NOMBRE,FECHA_NAC,COD_PAIS) values ('Y45  ','Andy García',str_to_date('12/04/1956','%d/%m/%Y'),'nb12 ');
Insert into ACTOR (COD_ACT,NOMBRE,FECHA_NAC,COD_PAIS) values ('J45  ','Harrison Ford',str_to_date('13/07/1943','%d/%m/%Y'),'sf15 ');
Insert into ACTOR (COD_ACT,NOMBRE,FECHA_NAC,COD_PAIS) values ('L54  ','Christopher Plummer',str_to_date('13/12/1929','%d/%m/%Y'),'gg74 ');
Insert into ACTOR (COD_ACT,NOMBRE,FECHA_NAC,COD_PAIS) values ('D52  ','Cate Blanchett',str_to_date('14/05/1969','%d/%m/%Y'),'zf58 ');
Insert into ACTOR (COD_ACT,NOMBRE,FECHA_NAC,COD_PAIS) values ('S20  ','Ellen Barkin',str_to_date('16/04/1954','%d/%m/%Y'),'sf15 ');
Insert into ACTOR (COD_ACT,NOMBRE,FECHA_NAC,COD_PAIS) values ('J65  ','Tim Robbins',str_to_date('16/10/1958','%d/%m/%Y'),'sf15 ');
Insert into ACTOR (COD_ACT,NOMBRE,FECHA_NAC,COD_PAIS) values ('P14  ','Sean Penn',str_to_date('17/08/1970','%d/%m/%Y'),'sf15 ');
Insert into ACTOR (COD_ACT,NOMBRE,FECHA_NAC,COD_PAIS) values ('E56  ','Robert de Niro',str_to_date('17/08/1943','%d/%m/%Y'),'sf15 ');
Insert into ACTOR (COD_ACT,NOMBRE,FECHA_NAC,COD_PAIS) values ('A48  ','Brad Pitt',str_to_date('18/12/1963','%d/%m/%Y'),'sf15 ');
Insert into ACTOR (COD_ACT,NOMBRE,FECHA_NAC,COD_PAIS) values ('H45  ','Robert Redford',str_to_date('18/08/1936','%d/%m/%Y'),'sf15 ');
Insert into ACTOR (COD_ACT,NOMBRE,FECHA_NAC,COD_PAIS) values ('S47  ','Kevin Costner',str_to_date('19/01/1955','%d/%m/%Y'),'sf15 ');
Insert into ACTOR (COD_ACT,NOMBRE,FECHA_NAC,COD_PAIS) values ('W85  ','Meg Ryan',str_to_date('19/11/1961','%d/%m/%Y'),'sf15 ');
Insert into ACTOR (COD_ACT,NOMBRE,FECHA_NAC,COD_PAIS) values ('A62  ','John Goodman',str_to_date('20/06/1952','%d/%m/%Y'),'sf15 ');
Insert into ACTOR (COD_ACT,NOMBRE,FECHA_NAC,COD_PAIS) values ('Z15  ','Al Pacino',str_to_date('25/04/1940','%d/%m/%Y'),'sf15 ');
Insert into ACTOR (COD_ACT,NOMBRE,FECHA_NAC,COD_PAIS) values ('W32  ','Sean Connery',str_to_date('25/08/1930','%d/%m/%Y'),'ty11 ');
Insert into ACTOR (COD_ACT,NOMBRE,FECHA_NAC,COD_PAIS) values ('H54  ','Keira Knightley',str_to_date('26/03/1985','%d/%m/%Y'),'ty11 ');
Insert into ACTOR (COD_ACT,NOMBRE,FECHA_NAC,COD_PAIS) values ('C89  ','James Caan',str_to_date('26/03/1940','%d/%m/%Y'),'sf15 ');
Insert into ACTOR (COD_ACT,NOMBRE,FECHA_NAC,COD_PAIS) values ('W34  ','Paul Newman',str_to_date('26/01/1925','%d/%m/%Y'),'sf15 ');
Insert into ACTOR (COD_ACT,NOMBRE,FECHA_NAC,COD_PAIS) values ('L45  ','Elizabeth Taylor',str_to_date('27/02/1932','%d/%m/%Y'),'sf15 ');
Insert into ACTOR (COD_ACT,NOMBRE,FECHA_NAC,COD_PAIS) values ('J58  ','Ed Harris',str_to_date('28/11/1950','%d/%m/%Y'),'sf15 ');
Insert into ACTOR (COD_ACT,NOMBRE,FECHA_NAC,COD_PAIS) values ('W47  ','Julia Roberts',str_to_date('28/10/1967','%d/%m/%Y'),'sf15 ');
Insert into ACTOR (COD_ACT,NOMBRE,FECHA_NAC,COD_PAIS) values ('P15  ','Denzel Washington',str_to_date('28/12/1954','%d/%m/%Y'),'sf15 ');
Insert into ACTOR (COD_ACT,NOMBRE,FECHA_NAC,COD_PAIS) values ('S45  ','Penélope Cruz',str_to_date('28/04/1974','%d/%m/%Y'),'we74 ');
Insert into ACTOR (COD_ACT,NOMBRE,FECHA_NAC,COD_PAIS) values ('F77  ','José L. de Villalonga',str_to_date('29/01/1920','%d/%m/%Y'),'we74 ');
Insert into ACTOR (COD_ACT,NOMBRE,FECHA_NAC,COD_PAIS) values ('D47  ','Uma Thurman',str_to_date('29/04/1970','%d/%m/%Y'),'sf15 ');
Insert into ACTOR (COD_ACT,NOMBRE,FECHA_NAC,COD_PAIS) values ('A52  ','Jude Law',str_to_date('29/12/1972','%d/%m/%Y'),'ty11 ');
Insert into ACTOR (COD_ACT,NOMBRE,FECHA_NAC,COD_PAIS) values ('J47  ','Gene Hackman',str_to_date('30/01/1930','%d/%m/%Y'),'sf15 ');
Insert into ACTOR (COD_ACT,NOMBRE,FECHA_NAC,COD_PAIS) values ('K77  ','Cameron Diaz',str_to_date('30/08/1972','%d/%m/%Y'),'sf15 ');
Insert into ACTOR (COD_ACT,NOMBRE,FECHA_NAC,COD_PAIS) values ('M45  ','Richard Gere',str_to_date('31/08/1949','%d/%m/%Y'),'sf15 ');
Insert into ACTOR (COD_ACT,NOMBRE,FECHA_NAC,COD_PAIS) values ('L59  ','Clint Eastwood',str_to_date('31/05/1930','%d/%m/%Y'),'sf15 ');

Insert into GENERO (COD_GEN,NOMBRE) values ('DD8  ','Musical');
Insert into GENERO (COD_GEN,NOMBRE) values ('JH6  ','Suspense');
Insert into GENERO (COD_GEN,NOMBRE) values ('GG4  ','Crimen');
Insert into GENERO (COD_GEN,NOMBRE) values ('FF4  ','Familia');
Insert into GENERO (COD_GEN,NOMBRE) values ('DR5  ','Acción');
Insert into GENERO (COD_GEN,NOMBRE) values ('GG8  ','Horror');
Insert into GENERO (COD_GEN,NOMBRE) values ('BB5  ','Drama');
Insert into GENERO (COD_GEN,NOMBRE) values ('HH2  ','Romance');
Insert into GENERO (COD_GEN,NOMBRE) values ('NB5  ','Animación');
Insert into GENERO (COD_GEN,NOMBRE) values ('LO9  ','Historia');
Insert into GENERO (COD_GEN,NOMBRE) values ('SS6  ','Pornográfica');
Insert into GENERO (COD_GEN,NOMBRE) values ('JJ9  ','Comedia');
Insert into GENERO (COD_GEN,NOMBRE) values ('YY8  ','Deporte');
Insert into GENERO (COD_GEN,NOMBRE) values ('OI9  ','Bélica');
Insert into GENERO (COD_GEN,NOMBRE) values ('AA7  ','Ciencia-Ficción');
Insert into GENERO (COD_GEN,NOMBRE) values ('DF2  ','Biografía');
Insert into GENERO (COD_GEN,NOMBRE) values ('KK4  ','Misterio');
Insert into GENERO (COD_GEN,NOMBRE) values ('CR5  ','Aventuras');
Insert into GENERO (COD_GEN,NOMBRE) values ('GG6  ','Aventuras');
Insert into GENERO (COD_GEN,NOMBRE) values ('DD6  ','Oeste');
Insert into GENERO (COD_GEN,NOMBRE) values ('LL5  ','Fantasía');

Insert into LIBRO_PELI (COD_LIB,TITULO,ANYO,AUTOR) values ('GH4  ','El código da Vinci','2003','Dan Brown');
Insert into LIBRO_PELI (COD_LIB,TITULO,ANYO,AUTOR) values ('KK4  ','El premio Nobel','1962','Irwing Wallace');
Insert into LIBRO_PELI (COD_LIB,TITULO,ANYO,AUTOR) values ('DG5  ','Un tranvía llamado deseo','1948','Tennesse Williams');
Insert into LIBRO_PELI (COD_LIB,TITULO,ANYO,AUTOR) values ('ZF4  ','Come, reza, ama','2006','Elizabeth Gilbert');
Insert into LIBRO_PELI (COD_LIB,TITULO,ANYO,AUTOR) values ('UU4  ','El padrino','1969','Mario Puzo');
Insert into LIBRO_PELI (COD_LIB,TITULO,ANYO,AUTOR) values ('AE8  ','El color del dinero','1984','Walter Tevis');
Insert into LIBRO_PELI (COD_LIB,TITULO,ANYO,AUTOR) values ('DF6  ','Entrevista con el vampiro','1976','Anne Rice');
Insert into LIBRO_PELI (COD_LIB,TITULO,ANYO,AUTOR) values ('FA6  ','La caída de los gigantes','2010','Ken Follet');
Insert into LIBRO_PELI (COD_LIB,TITULO,ANYO,AUTOR) values ('FH9  ','Enemigo a las puertas','1973','William Craig');
Insert into LIBRO_PELI (COD_LIB,TITULO,ANYO,AUTOR) values ('EH9  ','Camino a la perdición',null,'Max A. Collins');
Insert into LIBRO_PELI (COD_LIB,TITULO,ANYO,AUTOR) values ('GJ7  ','Ana Karenina','1877','Leon Tolstoi');
Insert into LIBRO_PELI (COD_LIB,TITULO,ANYO,AUTOR) values ('AL2  ','The sound of music','1960','Howard Lindsay');
Insert into LIBRO_PELI (COD_LIB,TITULO,ANYO,AUTOR) values ('PP4  ','Desayuno en Tiffanys','1958','Truman Capote');
Insert into LIBRO_PELI (COD_LIB,TITULO,ANYO,AUTOR) values ('FK7  ','Gata sobre un tejado de zinc caliente','1955','Tennesse Williams');
Insert into LIBRO_PELI (COD_LIB,TITULO,ANYO,AUTOR) values ('AR3  ','Vida de este chico','1989','Tobias Wolff');
Insert into LIBRO_PELI (COD_LIB,TITULO,ANYO,AUTOR) values ('FG9  ','Pigmalion','1913','George B. Shaw');
Insert into LIBRO_PELI (COD_LIB,TITULO,ANYO,AUTOR) values ('GJ6  ','El informe pelícano','1992','John Grisham');
Insert into LIBRO_PELI (COD_LIB,TITULO,ANYO,AUTOR) values ('RE8  ','Vía revolucionaria','1964','Richard Yates');
Insert into LIBRO_PELI (COD_LIB,TITULO,ANYO,AUTOR) values ('LP9  ','Rita Hayworth y la redención de Shawshank','1982','Stephen King');
Insert into LIBRO_PELI (COD_LIB,TITULO,ANYO,AUTOR) values ('FD5  ','Lo que el viento se llevó','1936','Margaret Mitchell');
Insert into LIBRO_PELI (COD_LIB,TITULO,ANYO,AUTOR) values ('KS5  ','El factor humano','2008','John Carlin');

Insert into PELICULA (COD_PELI,TITULO,ANYO,DURACION,COD_LIB,DIRECTOR) values ('741S ','El padrino III','1990','162','UU4  ','Francis Ford Coppola');
Insert into PELICULA (COD_PELI,TITULO,ANYO,DURACION,COD_LIB,DIRECTOR) values ('314G ','Robin Hood, príncipe de ladrones','1991','143',null,'Kevin Reynolds');
Insert into PELICULA (COD_PELI,TITULO,ANYO,DURACION,COD_LIB,DIRECTOR) values ('365A ','Indiana Jones y la última cruzada','1989','127',null,'Steven Spielberg');
Insert into PELICULA (COD_PELI,TITULO,ANYO,DURACION,COD_LIB,DIRECTOR) values ('888T ','El golpe','1973','129',null,'George Roy Hill');
Insert into PELICULA (COD_PELI,TITULO,ANYO,DURACION,COD_LIB,DIRECTOR) values ('548J ','Jamón, Jamón','1992','95',null,'Bigas Luna');
Insert into PELICULA (COD_PELI,TITULO,ANYO,DURACION,COD_LIB,DIRECTOR) values ('852H ','Análisis final','1992','124',null,'Phil Joanou');
Insert into PELICULA (COD_PELI,TITULO,ANYO,DURACION,COD_LIB,DIRECTOR) values ('332D ','Dos hombres y un destino','1969','110',null,'George Roy Hill');
Insert into PELICULA (COD_PELI,TITULO,ANYO,DURACION,COD_LIB,DIRECTOR) values ('455K ','The monuments men','2014','118',null,'George Clooney');
Insert into PELICULA (COD_PELI,TITULO,ANYO,DURACION,COD_LIB,DIRECTOR) values ('856A ','El informe pelícano','1993','141','GJ6  ','Alan J. Pakula');
Insert into PELICULA (COD_PELI,TITULO,ANYO,DURACION,COD_LIB,DIRECTOR) values ('258S ','Cuando Harry encontró a Sally','1989','96',null,'Rob Reines');
Insert into PELICULA (COD_PELI,TITULO,ANYO,DURACION,COD_LIB,DIRECTOR) values ('456A ','Asuntos sucios','1990','115',null,'Mike Figgis');
Insert into PELICULA (COD_PELI,TITULO,ANYO,DURACION,COD_LIB,DIRECTOR) values ('123V ','Anna Karenina','1997','148','GJ7  ','Julien Dudivier');
Insert into PELICULA (COD_PELI,TITULO,ANYO,DURACION,COD_LIB,DIRECTOR) values ('789B ','The mexican','2001','123',null,'Gore Verbinski');
Insert into PELICULA (COD_PELI,TITULO,ANYO,DURACION,COD_LIB,DIRECTOR) values ('874F ','Un domingo cualquiera','1999','162',null,'Oliver Stone');
Insert into PELICULA (COD_PELI,TITULO,ANYO,DURACION,COD_LIB,DIRECTOR) values ('452W ','Sherlock Holmes: Juego de sombras','2011','129',null,'Guy Ritchie');
Insert into PELICULA (COD_PELI,TITULO,ANYO,DURACION,COD_LIB,DIRECTOR) values ('258M ','Un tranvía llamado deseo','1951','122','DG5  ','Elia Kazan');
Insert into PELICULA (COD_PELI,TITULO,ANYO,DURACION,COD_LIB,DIRECTOR) values ('456G ','El chip prodigioso','1987','120',null,'Joe Dante');
Insert into PELICULA (COD_PELI,TITULO,ANYO,DURACION,COD_LIB,DIRECTOR) values ('475A ','Filadelfia','1993','125',null,'Jonathan Demme');
Insert into PELICULA (COD_PELI,TITULO,ANYO,DURACION,COD_LIB,DIRECTOR) values ('121G ','Revolutionary Road','2008','119','RE8  ','Sam Mendes');
Insert into PELICULA (COD_PELI,TITULO,ANYO,DURACION,COD_LIB,DIRECTOR) values ('951D ','Al caer el sol','1998','94',null,'Robert Benton');
Insert into PELICULA (COD_PELI,TITULO,ANYO,DURACION,COD_LIB,DIRECTOR) values ('221S ','El color del dinero','1986','119','AE8  ','Martin Scorsese');
Insert into PELICULA (COD_PELI,TITULO,ANYO,DURACION,COD_LIB,DIRECTOR) values ('987D ','Closer','2004','104',null,'Mike Nichols');
Insert into PELICULA (COD_PELI,TITULO,ANYO,DURACION,COD_LIB,DIRECTOR) values ('215J ','Pret a porter','1994','133',null,'Robert Altman');
Insert into PELICULA (COD_PELI,TITULO,ANYO,DURACION,COD_LIB,DIRECTOR) values ('552F ','Entrevista con el vampiro','1994','123','DF6  ','Neil Jordan');
Insert into PELICULA (COD_PELI,TITULO,ANYO,DURACION,COD_LIB,DIRECTOR) values ('655D ','Querido detective','1986','102',null,'Jim McBride');
Insert into PELICULA (COD_PELI,TITULO,ANYO,DURACION,COD_LIB,DIRECTOR) values ('158S ','Enemigo a las puertas','2001','131','FH9  ','Jean-Jacques Annaud');
Insert into PELICULA (COD_PELI,TITULO,ANYO,DURACION,COD_LIB,DIRECTOR) values ('666F ','Atrápame si puedes','2002','141',null,'Steven Soderbergh');
Insert into PELICULA (COD_PELI,TITULO,ANYO,DURACION,COD_LIB,DIRECTOR) values ('589B ','Sonrisas y lágrimas','1965','174','AL2  ','Robert Earl Wise');
Insert into PELICULA (COD_PELI,TITULO,ANYO,DURACION,COD_LIB,DIRECTOR) values ('365N ','Cortina rasgada','1966','128',null,'Alfred Hitchcock');
Insert into PELICULA (COD_PELI,TITULO,ANYO,DURACION,COD_LIB,DIRECTOR) values ('189G ','Ocean''s Thirteen','2007','122',null,'Steven Soderbergh');
Insert into PELICULA (COD_PELI,TITULO,ANYO,DURACION,COD_LIB,DIRECTOR) values ('669M ','Vida de este chico','1993','115','AR3  ','Michael Caton-Jones');
Insert into PELICULA (COD_PELI,TITULO,ANYO,DURACION,COD_LIB,DIRECTOR) values ('369F ','Desayuno con diamantes','1961','115','PP4  ','Blake Edwars');
Insert into PELICULA (COD_PELI,TITULO,ANYO,DURACION,COD_LIB,DIRECTOR) values ('159X ','Anna Karenina','1948','139','GJ7  ','Bernard Rose');
Insert into PELICULA (COD_PELI,TITULO,ANYO,DURACION,COD_LIB,DIRECTOR) values ('658G ','Sherlock Holmes','2009','128',null,'Guy Ritchie');
Insert into PELICULA (COD_PELI,TITULO,ANYO,DURACION,COD_LIB,DIRECTOR) values ('369G ','Antes que anochezca','2000','133',null,'Julian Schnabel');
Insert into PELICULA (COD_PELI,TITULO,ANYO,DURACION,COD_LIB,DIRECTOR) values ('159U ','Mi novio es un ladrón','2008','97',null,'George Gallo');
Insert into PELICULA (COD_PELI,TITULO,ANYO,DURACION,COD_LIB,DIRECTOR) values ('365S ','Marea roja','1995','116',null,'Tony Scott');
Insert into PELICULA (COD_PELI,TITULO,ANYO,DURACION,COD_LIB,DIRECTOR) values ('987Y ','El guardaespaldas','1992','129',null,'Mick Jackson');
Insert into PELICULA (COD_PELI,TITULO,ANYO,DURACION,COD_LIB,DIRECTOR) values ('654J ','Buenas noches, y buena suerte','2005','93',null,'George Clooney');
Insert into PELICULA (COD_PELI,TITULO,ANYO,DURACION,COD_LIB,DIRECTOR) values ('365H ','Los intocables de Eliot Ness','1987','119',null,'Brian de Palma');
Insert into PELICULA (COD_PELI,TITULO,ANYO,DURACION,COD_LIB,DIRECTOR) values ('555G ','El rey león','1994','89',null,null);
Insert into PELICULA (COD_PELI,TITULO,ANYO,DURACION,COD_LIB,DIRECTOR) values ('987O ','Ocean''s twelve','2004','125',null,'Steven Soderbergh');
Insert into PELICULA (COD_PELI,TITULO,ANYO,DURACION,COD_LIB,DIRECTOR) values ('159G ','Pretty woman','1990','119',null,'Garry Marshall');
Insert into PELICULA (COD_PELI,TITULO,ANYO,DURACION,COD_LIB,DIRECTOR) values ('159A ','Ana Karenina','2012','129','GJ7  ','Joe Wright');
Insert into PELICULA (COD_PELI,TITULO,ANYO,DURACION,COD_LIB,DIRECTOR) values ('369J ','Golpe de efecto','2012','111',null,'Robert Lorenz');
Insert into PELICULA (COD_PELI,TITULO,ANYO,DURACION,COD_LIB,DIRECTOR) values ('741G ','El padrino II','1974','200','UU4  ','Francis Ford Coppola');
Insert into PELICULA (COD_PELI,TITULO,ANYO,DURACION,COD_LIB,DIRECTOR) values ('159D ','Bajo sospecha','2000','110',null,'Stephen Hopkins');
Insert into PELICULA (COD_PELI,TITULO,ANYO,DURACION,COD_LIB,DIRECTOR) values ('118E ','Un mundo perfecto','1993','138',null,'Clint Eastwood');
Insert into PELICULA (COD_PELI,TITULO,ANYO,DURACION,COD_LIB,DIRECTOR) values ('123N ','Lo que el viento se llevó','1939','238','FD5  ','Victor Flemming');
Insert into PELICULA (COD_PELI,TITULO,ANYO,DURACION,COD_LIB,DIRECTOR) values ('741L ','Come, reza, ama','2010','133','ZF4  ','Ryan Murphy');
Insert into PELICULA (COD_PELI,TITULO,ANYO,DURACION,COD_LIB,DIRECTOR) values ('456F ','Algo de que hablar','1995','106',null,'Lasse Hallstrom');
Insert into PELICULA (COD_PELI,TITULO,ANYO,DURACION,COD_LIB,DIRECTOR) values ('123X ','El padrino','1972','175','UU4  ','Francis Ford Coppola');
Insert into PELICULA (COD_PELI,TITULO,ANYO,DURACION,COD_LIB,DIRECTOR) values ('874G ','Los picapiedra','1994','91',null,'Brian Levan');
Insert into PELICULA (COD_PELI,TITULO,ANYO,DURACION,COD_LIB,DIRECTOR) values ('774U ','El consejero','2013','117',null,'Ridley Scott');
Insert into PELICULA (COD_PELI,TITULO,ANYO,DURACION,COD_LIB,DIRECTOR) values ('123J ','La guerra de Charlie Wilson','2007','102',null,'Mike Nichols');
Insert into PELICULA (COD_PELI,TITULO,ANYO,DURACION,COD_LIB,DIRECTOR) values ('265W ','Mensaje en una botella','1999','131',null,'Luis Mandoki');
Insert into PELICULA (COD_PELI,TITULO,ANYO,DURACION,COD_LIB,DIRECTOR) values ('951L ','Salvar al soldado Ryan','1998','169',null,'Steven Spielberg');
Insert into PELICULA (COD_PELI,TITULO,ANYO,DURACION,COD_LIB,DIRECTOR) values ('452K ','Atrapados sin salida','1986','106',null,'Richard Pearce');
Insert into PELICULA (COD_PELI,TITULO,ANYO,DURACION,COD_LIB,DIRECTOR) values ('144H ','El premio','1963','134','KK4  ','Mark Robson');
Insert into PELICULA (COD_PELI,TITULO,ANYO,DURACION,COD_LIB,DIRECTOR) values ('465H ','El código da Vinci','2006','149','GH4  ','Ron Howard');
Insert into PELICULA (COD_PELI,TITULO,ANYO,DURACION,COD_LIB,DIRECTOR) values ('438S ','Cadena perpetua','1994','142','LP9  ','Frank Darabont');
Insert into PELICULA (COD_PELI,TITULO,ANYO,DURACION,COD_LIB,DIRECTOR) values ('582F ','Ocean''s eleven','2001','116',null,'Steven Soderbergh');
Insert into PELICULA (COD_PELI,TITULO,ANYO,DURACION,COD_LIB,DIRECTOR) values ('147D ','Los búfalos de Durham','1988','108',null,'Ron Shelton');
Insert into PELICULA (COD_PELI,TITULO,ANYO,DURACION,COD_LIB,DIRECTOR) values ('457P ','Invictus','2010','134','KS5  ','Clint Eastwood');
Insert into PELICULA (COD_PELI,TITULO,ANYO,DURACION,COD_LIB,DIRECTOR) values ('357L ','Cleopatra','1963','192',null,'Joseph L. Mankiewicz');
Insert into PELICULA (COD_PELI,TITULO,ANYO,DURACION,COD_LIB,DIRECTOR) values ('887Y ','Vacaciones','2006','138',null,'Nancy Meyers');
Insert into PELICULA (COD_PELI,TITULO,ANYO,DURACION,COD_LIB,DIRECTOR) values ('123S ','My Fair Lady','1964','170','FG9  ','George Cukor');
Insert into PELICULA (COD_PELI,TITULO,ANYO,DURACION,COD_LIB,DIRECTOR) values ('753N ','La gata sobre el tejado de zinc','1958','108','FK7  ','Richard Brooks');
Insert into PELICULA (COD_PELI,TITULO,ANYO,DURACION,COD_LIB,DIRECTOR) values ('326F ','Mystic river','2003','138',null,'Clint Eastwood');
Insert into PELICULA (COD_PELI,TITULO,ANYO,DURACION,COD_LIB,DIRECTOR) values ('778E ','Sin perdón','1992','131',null,'Clint Eastwood');
Insert into PELICULA (COD_PELI,TITULO,ANYO,DURACION,COD_LIB,DIRECTOR) values ('996H ','Titanic','1997','194',null,'James Cameron');
Insert into PELICULA (COD_PELI,TITULO,ANYO,DURACION,COD_LIB,DIRECTOR) values ('963L ','Apocalypse now','1979','153',null,'Francis Ford Coppola');
Insert into PELICULA (COD_PELI,TITULO,ANYO,DURACION,COD_LIB,DIRECTOR) values ('548P ','Quédate a mi lado','1998','124',null,'Chris Columbus');
Insert into PELICULA (COD_PELI,TITULO,ANYO,DURACION,COD_LIB,DIRECTOR) values ('445G ','Vanilla Sky','2001','136',null,'Cameron Crowe');
Insert into PELICULA (COD_PELI,TITULO,ANYO,DURACION,COD_LIB,DIRECTOR) values ('145K ','Camino a la perdición ','2002','117','EH9  ','Sam Mendes');
Insert into PELICULA (COD_PELI,TITULO,ANYO,DURACION,COD_LIB,DIRECTOR) values ('321N ','Wyatt Earp','1994','191',null,'Lawrence Kasdan');
Insert into PELICULA (COD_PELI,TITULO,ANYO,DURACION,COD_LIB,DIRECTOR) values ('751L ','Una rubia entre dos mundos','1992','102',null,'Ralph Bakshi');

Insert into CLASIFICACION (COD_PELI,COD_GEN) values ('118E ','BB5  ');
Insert into CLASIFICACION (COD_PELI,COD_GEN) values ('118E ','GG4  ');
Insert into CLASIFICACION (COD_PELI,COD_GEN) values ('118E ','JH6  ');
Insert into CLASIFICACION (COD_PELI,COD_GEN) values ('123N ','BB5  ');
Insert into CLASIFICACION (COD_PELI,COD_GEN) values ('123N ','HH2  ');
Insert into CLASIFICACION (COD_PELI,COD_GEN) values ('123N ','OI9  ');
Insert into CLASIFICACION (COD_PELI,COD_GEN) values ('123S ','BB5  ');
Insert into CLASIFICACION (COD_PELI,COD_GEN) values ('123S ','DD8  ');
Insert into CLASIFICACION (COD_PELI,COD_GEN) values ('123S ','FF4  ');
Insert into CLASIFICACION (COD_PELI,COD_GEN) values ('123V ','BB5  ');
Insert into CLASIFICACION (COD_PELI,COD_GEN) values ('123X ','BB5  ');
Insert into CLASIFICACION (COD_PELI,COD_GEN) values ('123X ','GG4  ');
Insert into CLASIFICACION (COD_PELI,COD_GEN) values ('144H ','BB5  ');
Insert into CLASIFICACION (COD_PELI,COD_GEN) values ('144H ','GG4  ');
Insert into CLASIFICACION (COD_PELI,COD_GEN) values ('144H ','KK4  ');
Insert into CLASIFICACION (COD_PELI,COD_GEN) values ('145K ','BB5  ');
Insert into CLASIFICACION (COD_PELI,COD_GEN) values ('145K ','GG4  ');
Insert into CLASIFICACION (COD_PELI,COD_GEN) values ('145K ','KK4  ');
Insert into CLASIFICACION (COD_PELI,COD_GEN) values ('147D ','HH2  ');
Insert into CLASIFICACION (COD_PELI,COD_GEN) values ('147D ','JJ9  ');
Insert into CLASIFICACION (COD_PELI,COD_GEN) values ('147D ','YY8  ');
Insert into CLASIFICACION (COD_PELI,COD_GEN) values ('158S ','BB5  ');
Insert into CLASIFICACION (COD_PELI,COD_GEN) values ('158S ','JH6  ');
Insert into CLASIFICACION (COD_PELI,COD_GEN) values ('158S ','OI9  ');
Insert into CLASIFICACION (COD_PELI,COD_GEN) values ('159A ','BB5  ');
Insert into CLASIFICACION (COD_PELI,COD_GEN) values ('159D ','BB5  ');
Insert into CLASIFICACION (COD_PELI,COD_GEN) values ('159D ','GG4  ');
Insert into CLASIFICACION (COD_PELI,COD_GEN) values ('159D ','JH6  ');
Insert into CLASIFICACION (COD_PELI,COD_GEN) values ('159U ','DR5  ');
Insert into CLASIFICACION (COD_PELI,COD_GEN) values ('159X ','BB5  ');
Insert into CLASIFICACION (COD_PELI,COD_GEN) values ('189G ','GG4  ');
Insert into CLASIFICACION (COD_PELI,COD_GEN) values ('189G ','JH6  ');
Insert into CLASIFICACION (COD_PELI,COD_GEN) values ('258M ','BB5  ');
Insert into CLASIFICACION (COD_PELI,COD_GEN) values ('258S ','BB5  ');
Insert into CLASIFICACION (COD_PELI,COD_GEN) values ('258S ','HH2  ');
Insert into CLASIFICACION (COD_PELI,COD_GEN) values ('258S ','JJ9  ');
Insert into CLASIFICACION (COD_PELI,COD_GEN) values ('265W ','BB5  ');
Insert into CLASIFICACION (COD_PELI,COD_GEN) values ('265W ','HH2  ');
Insert into CLASIFICACION (COD_PELI,COD_GEN) values ('314G ','BB5  ');
Insert into CLASIFICACION (COD_PELI,COD_GEN) values ('314G ','DR5  ');
Insert into CLASIFICACION (COD_PELI,COD_GEN) values ('314G ','GG6  ');
Insert into CLASIFICACION (COD_PELI,COD_GEN) values ('321N ','DF2  ');
Insert into CLASIFICACION (COD_PELI,COD_GEN) values ('321N ','DR5  ');
Insert into CLASIFICACION (COD_PELI,COD_GEN) values ('321N ','GG6  ');
Insert into CLASIFICACION (COD_PELI,COD_GEN) values ('326F ','BB5  ');
Insert into CLASIFICACION (COD_PELI,COD_GEN) values ('326F ','GG4  ');
Insert into CLASIFICACION (COD_PELI,COD_GEN) values ('326F ','KK4  ');
Insert into CLASIFICACION (COD_PELI,COD_GEN) values ('332D ','DF2  ');
Insert into CLASIFICACION (COD_PELI,COD_GEN) values ('332D ','GG4  ');
Insert into CLASIFICACION (COD_PELI,COD_GEN) values ('332D ','GG6  ');
Insert into CLASIFICACION (COD_PELI,COD_GEN) values ('357L ','BB5  ');
Insert into CLASIFICACION (COD_PELI,COD_GEN) values ('357L ','DF2  ');
Insert into CLASIFICACION (COD_PELI,COD_GEN) values ('357L ','LO9  ');
Insert into CLASIFICACION (COD_PELI,COD_GEN) values ('365A ','DR5  ');
Insert into CLASIFICACION (COD_PELI,COD_GEN) values ('365A ','GG6  ');
Insert into CLASIFICACION (COD_PELI,COD_GEN) values ('365H ','BB5  ');
Insert into CLASIFICACION (COD_PELI,COD_GEN) values ('365H ','GG4  ');
Insert into CLASIFICACION (COD_PELI,COD_GEN) values ('365H ','LO9  ');
Insert into CLASIFICACION (COD_PELI,COD_GEN) values ('365N ','KK4  ');
Insert into CLASIFICACION (COD_PELI,COD_GEN) values ('365S ','BB5  ');
Insert into CLASIFICACION (COD_PELI,COD_GEN) values ('365S ','DR5  ');
Insert into CLASIFICACION (COD_PELI,COD_GEN) values ('365S ','JH6  ');
Insert into CLASIFICACION (COD_PELI,COD_GEN) values ('369F ','BB5  ');
Insert into CLASIFICACION (COD_PELI,COD_GEN) values ('369F ','HH2  ');
Insert into CLASIFICACION (COD_PELI,COD_GEN) values ('369F ','JJ9  ');
Insert into CLASIFICACION (COD_PELI,COD_GEN) values ('369G ','BB5  ');
Insert into CLASIFICACION (COD_PELI,COD_GEN) values ('369G ','DF2  ');
Insert into CLASIFICACION (COD_PELI,COD_GEN) values ('369J ','BB5  ');
Insert into CLASIFICACION (COD_PELI,COD_GEN) values ('369J ','YY8  ');
Insert into CLASIFICACION (COD_PELI,COD_GEN) values ('438S ','BB5  ');
Insert into CLASIFICACION (COD_PELI,COD_GEN) values ('438S ','GG4  ');
Insert into CLASIFICACION (COD_PELI,COD_GEN) values ('452W ','CR5  ');
Insert into CLASIFICACION (COD_PELI,COD_GEN) values ('452W ','DR5  ');
Insert into CLASIFICACION (COD_PELI,COD_GEN) values ('452W ','GG4  ');
Insert into CLASIFICACION (COD_PELI,COD_GEN) values ('455K ','BB5  ');
Insert into CLASIFICACION (COD_PELI,COD_GEN) values ('455K ','DF2  ');
Insert into CLASIFICACION (COD_PELI,COD_GEN) values ('455K ','OI9  ');
Insert into CLASIFICACION (COD_PELI,COD_GEN) values ('456G ','AA7  ');
Insert into CLASIFICACION (COD_PELI,COD_GEN) values ('456G ','CR5  ');
Insert into CLASIFICACION (COD_PELI,COD_GEN) values ('456G ','JJ9  ');
Insert into CLASIFICACION (COD_PELI,COD_GEN) values ('457P ','BB5  ');
Insert into CLASIFICACION (COD_PELI,COD_GEN) values ('457P ','DF2  ');
Insert into CLASIFICACION (COD_PELI,COD_GEN) values ('457P ','LO9  ');
Insert into CLASIFICACION (COD_PELI,COD_GEN) values ('465H ','KK4  ');
Insert into CLASIFICACION (COD_PELI,COD_GEN) values ('475A ','BB5  ');
Insert into CLASIFICACION (COD_PELI,COD_GEN) values ('548J ','BB5  ');
Insert into CLASIFICACION (COD_PELI,COD_GEN) values ('548J ','HH2  ');
Insert into CLASIFICACION (COD_PELI,COD_GEN) values ('548J ','JJ9  ');
Insert into CLASIFICACION (COD_PELI,COD_GEN) values ('555G ','BB5  ');
Insert into CLASIFICACION (COD_PELI,COD_GEN) values ('555G ','CR5  ');
Insert into CLASIFICACION (COD_PELI,COD_GEN) values ('555G ','NB5  ');
Insert into CLASIFICACION (COD_PELI,COD_GEN) values ('589B ','BB5  ');
Insert into CLASIFICACION (COD_PELI,COD_GEN) values ('589B ','DD8  ');
Insert into CLASIFICACION (COD_PELI,COD_GEN) values ('589B ','FF4  ');
Insert into CLASIFICACION (COD_PELI,COD_GEN) values ('654J ','BB5  ');
Insert into CLASIFICACION (COD_PELI,COD_GEN) values ('654J ','LO9  ');
Insert into CLASIFICACION (COD_PELI,COD_GEN) values ('655D ','BB5  ');
Insert into CLASIFICACION (COD_PELI,COD_GEN) values ('655D ','GG4  ');
Insert into CLASIFICACION (COD_PELI,COD_GEN) values ('655D ','HH2  ');
Insert into CLASIFICACION (COD_PELI,COD_GEN) values ('658G ','CR5  ');
Insert into CLASIFICACION (COD_PELI,COD_GEN) values ('658G ','DR5  ');
Insert into CLASIFICACION (COD_PELI,COD_GEN) values ('658G ','GG4  ');
Insert into CLASIFICACION (COD_PELI,COD_GEN) values ('741G ','BB5  ');
Insert into CLASIFICACION (COD_PELI,COD_GEN) values ('741G ','GG4  ');
Insert into CLASIFICACION (COD_PELI,COD_GEN) values ('741S ','BB5  ');
Insert into CLASIFICACION (COD_PELI,COD_GEN) values ('741S ','GG4  ');
Insert into CLASIFICACION (COD_PELI,COD_GEN) values ('753N ','BB5  ');
Insert into CLASIFICACION (COD_PELI,COD_GEN) values ('778E ','DD6  ');
Insert into CLASIFICACION (COD_PELI,COD_GEN) values ('789B ','GG4  ');
Insert into CLASIFICACION (COD_PELI,COD_GEN) values ('789B ','GG6  ');
Insert into CLASIFICACION (COD_PELI,COD_GEN) values ('789B ','JJ9  ');
Insert into CLASIFICACION (COD_PELI,COD_GEN) values ('874G ','FF4  ');
Insert into CLASIFICACION (COD_PELI,COD_GEN) values ('874G ','JJ9  ');
Insert into CLASIFICACION (COD_PELI,COD_GEN) values ('874G ','LL5  ');
Insert into CLASIFICACION (COD_PELI,COD_GEN) values ('888T ','BB5  ');
Insert into CLASIFICACION (COD_PELI,COD_GEN) values ('888T ','GG4  ');
Insert into CLASIFICACION (COD_PELI,COD_GEN) values ('888T ','JJ9  ');
Insert into CLASIFICACION (COD_PELI,COD_GEN) values ('951D ','BB5  ');
Insert into CLASIFICACION (COD_PELI,COD_GEN) values ('951D ','GG4  ');
Insert into CLASIFICACION (COD_PELI,COD_GEN) values ('951D ','KK4  ');
Insert into CLASIFICACION (COD_PELI,COD_GEN) values ('951L ','BB5  ');
Insert into CLASIFICACION (COD_PELI,COD_GEN) values ('951L ','DR5  ');
Insert into CLASIFICACION (COD_PELI,COD_GEN) values ('951L ','OI9  ');
Insert into CLASIFICACION (COD_PELI,COD_GEN) values ('987Y ','BB5  ');
Insert into CLASIFICACION (COD_PELI,COD_GEN) values ('987Y ','DD8  ');
Insert into CLASIFICACION (COD_PELI,COD_GEN) values ('987Y ','HH2  ');

Insert into ACTUA (COD_PELI,COD_ACT,PAPEL) values ('118E ','S47  ','Principal');
Insert into ACTUA (COD_PELI,COD_ACT,PAPEL) values ('654J ','F55  ','Principal');
Insert into ACTUA (COD_PELI,COD_ACT,PAPEL) values ('655D ','S20  ','Principal');
Insert into ACTUA (COD_PELI,COD_ACT,PAPEL) values ('369F ','D49  ','Principal');
Insert into ACTUA (COD_PELI,COD_ACT,PAPEL) values ('159D ','U88  ','Principal');
Insert into ACTUA (COD_PELI,COD_ACT,PAPEL) values ('452W ','A47  ','Principal');
Insert into ACTUA (COD_PELI,COD_ACT,PAPEL) values ('365N ','Q47  ','Secundario');
Insert into ACTUA (COD_PELI,COD_ACT,PAPEL) values ('778E ','L59  ','Principal');
Insert into ACTUA (COD_PELI,COD_ACT,PAPEL) values ('221S ','W34  ','Principal');
Insert into ACTUA (COD_PELI,COD_ACT,PAPEL) values ('963L ','D14  ','Principal');
Insert into ACTUA (COD_PELI,COD_ACT,PAPEL) values ('123X ','E22  ','Secundario');
Insert into ACTUA (COD_PELI,COD_ACT,PAPEL) values ('548P ','J58  ','Principal');
Insert into ACTUA (COD_PELI,COD_ACT,PAPEL) values ('582F ','C52  ','Secundario');
Insert into ACTUA (COD_PELI,COD_ACT,PAPEL) values ('753N ','W34  ','Principal');
Insert into ACTUA (COD_PELI,COD_ACT,PAPEL) values ('987O ','C52  ','Principal');
Insert into ACTUA (COD_PELI,COD_ACT,PAPEL) values ('996H ','E33  ','Principal');
Insert into ACTUA (COD_PELI,COD_ACT,PAPEL) values ('669M ','E56  ','Principal');
Insert into ACTUA (COD_PELI,COD_ACT,PAPEL) values ('123N ','D01  ','Principal');
Insert into ACTUA (COD_PELI,COD_ACT,PAPEL) values ('369G ','D45  ','Principal');
Insert into ACTUA (COD_PELI,COD_ACT,PAPEL) values ('189G ','C52  ','Principal');
Insert into ACTUA (COD_PELI,COD_ACT,PAPEL) values ('741S ','Z15  ','Principal');
Insert into ACTUA (COD_PELI,COD_ACT,PAPEL) values ('123S ','D49  ','Principal');
Insert into ACTUA (COD_PELI,COD_ACT,PAPEL) values ('987O ','F55  ','Principal');
Insert into ACTUA (COD_PELI,COD_ACT,PAPEL) values ('189G ','A48  ','Principal');
Insert into ACTUA (COD_PELI,COD_ACT,PAPEL) values ('582F ','A48  ','Principal');
Insert into ACTUA (COD_PELI,COD_ACT,PAPEL) values ('753N ','L45  ','Principal');
Insert into ACTUA (COD_PELI,COD_ACT,PAPEL) values ('669M ','E33  ','Principal');
Insert into ACTUA (COD_PELI,COD_ACT,PAPEL) values ('445G ','K77  ','Secundario');
Insert into ACTUA (COD_PELI,COD_ACT,PAPEL) values ('589B ','X45  ','Principal');
Insert into ACTUA (COD_PELI,COD_ACT,PAPEL) values ('666F ','E33  ','Principal');
Insert into ACTUA (COD_PELI,COD_ACT,PAPEL) values ('159X ','D01  ','Principal');
Insert into ACTUA (COD_PELI,COD_ACT,PAPEL) values ('123S ','K58  ','Secundario');
Insert into ACTUA (COD_PELI,COD_ACT,PAPEL) values ('589B ','L54  ','Principal');
Insert into ACTUA (COD_PELI,COD_ACT,PAPEL) values ('987O ','W47  ','Secundario');
Insert into ACTUA (COD_PELI,COD_ACT,PAPEL) values ('438S ','U88  ','Principal');
Insert into ACTUA (COD_PELI,COD_ACT,PAPEL) values ('552F ','S51  ','Principal');
Insert into ACTUA (COD_PELI,COD_ACT,PAPEL) values ('751L ','B45  ','Principal');
Insert into ACTUA (COD_PELI,COD_ACT,PAPEL) values ('987Y ','S47  ','Principal');
Insert into ACTUA (COD_PELI,COD_ACT,PAPEL) values ('552F ','A48  ','Principal');
Insert into ACTUA (COD_PELI,COD_ACT,PAPEL) values ('123X ','C15  ','Secundario');
Insert into ACTUA (COD_PELI,COD_ACT,PAPEL) values ('369J ','L59  ','Principal');
Insert into ACTUA (COD_PELI,COD_ACT,PAPEL) values ('189G ','Z15  ','Secundario');
Insert into ACTUA (COD_PELI,COD_ACT,PAPEL) values ('357L ','L45  ','Principal');
Insert into ACTUA (COD_PELI,COD_ACT,PAPEL) values ('365S ','J47  ','Principal');
Insert into ACTUA (COD_PELI,COD_ACT,PAPEL) values ('445G ','S45  ','Principal');
Insert into ACTUA (COD_PELI,COD_ACT,PAPEL) values ('548J ','S45  ','Principal');
Insert into ACTUA (COD_PELI,COD_ACT,PAPEL) values ('741S ','Y45  ','Principal');
Insert into ACTUA (COD_PELI,COD_ACT,PAPEL) values ('774U ','D45  ','Secundario');
Insert into ACTUA (COD_PELI,COD_ACT,PAPEL) values ('987D ','W47  ','Principal');
Insert into ACTUA (COD_PELI,COD_ACT,PAPEL) values ('996H ','K78  ','Principal');
Insert into ACTUA (COD_PELI,COD_ACT,PAPEL) values ('365S ','P15  ','Principal');
Insert into ACTUA (COD_PELI,COD_ACT,PAPEL) values ('669M ','S20  ','Principal');
Insert into ACTUA (COD_PELI,COD_ACT,PAPEL) values ('452K ','M45  ','Principal');
Insert into ACTUA (COD_PELI,COD_ACT,PAPEL) values ('365N ','X45  ','Principal');
Insert into ACTUA (COD_PELI,COD_ACT,PAPEL) values ('123X ','J56  ','Principal');
Insert into ACTUA (COD_PELI,COD_ACT,PAPEL) values ('963L ','J45  ','Secundario');
Insert into ACTUA (COD_PELI,COD_ACT,PAPEL) values ('741G ','Z15  ','Principal');
Insert into ACTUA (COD_PELI,COD_ACT,PAPEL) values ('357L ','T44  ','Secundario');
Insert into ACTUA (COD_PELI,COD_ACT,PAPEL) values ('548P ','E45  ','Principal');
Insert into ACTUA (COD_PELI,COD_ACT,PAPEL) values ('221S ','S51  ','Principal');
Insert into ACTUA (COD_PELI,COD_ACT,PAPEL) values ('778E ','J47  ','Principal');
Insert into ACTUA (COD_PELI,COD_ACT,PAPEL) values ('365N ','W34  ','Principal');
Insert into ACTUA (COD_PELI,COD_ACT,PAPEL) values ('365A ','J45  ','Principal');
Insert into ACTUA (COD_PELI,COD_ACT,PAPEL) values ('258M ','J56  ','Principal');
Insert into ACTUA (COD_PELI,COD_ACT,PAPEL) values ('741L ','D45  ','Secundario');
Insert into ACTUA (COD_PELI,COD_ACT,PAPEL) values ('951L ','D56  ','Principal');
Insert into ACTUA (COD_PELI,COD_ACT,PAPEL) values ('144H ','W34  ','Principal');
Insert into ACTUA (COD_PELI,COD_ACT,PAPEL) values ('789B ','A48  ','Principal');
Insert into ACTUA (COD_PELI,COD_ACT,PAPEL) values ('455K ','A62  ','Secundario');
Insert into ACTUA (COD_PELI,COD_ACT,PAPEL) values ('856A ','P15  ','Principal');
Insert into ACTUA (COD_PELI,COD_ACT,PAPEL) values ('326F ','P14  ','Principal');
Insert into ACTUA (COD_PELI,COD_ACT,PAPEL) values ('888T ','H45  ','Principal');
Insert into ACTUA (COD_PELI,COD_ACT,PAPEL) values ('147D ','J65  ','Principal');
Insert into ACTUA (COD_PELI,COD_ACT,PAPEL) values ('465H ','D56  ','Principal');
Insert into ACTUA (COD_PELI,COD_ACT,PAPEL) values ('265W ','W34  ','Secundario');
Insert into ACTUA (COD_PELI,COD_ACT,PAPEL) values ('852H ','B45  ','Principal');
Insert into ACTUA (COD_PELI,COD_ACT,PAPEL) values ('951D ','J47  ','Principal');
Insert into ACTUA (COD_PELI,COD_ACT,PAPEL) values ('455K ','F55  ','Principal');
Insert into ACTUA (COD_PELI,COD_ACT,PAPEL) values ('365H ','S47  ','Principal');
Insert into ACTUA (COD_PELI,COD_ACT,PAPEL) values ('145K ','W34  ','Principal');
Insert into ACTUA (COD_PELI,COD_ACT,PAPEL) values ('741S ','E22  ','Secundario');
Insert into ACTUA (COD_PELI,COD_ACT,PAPEL) values ('741L ','W47  ','Principal');
Insert into ACTUA (COD_PELI,COD_ACT,PAPEL) values ('314G ','U88  ','Secundario');
Insert into ACTUA (COD_PELI,COD_ACT,PAPEL) values ('852H ','M45  ','Principal');
Insert into ACTUA (COD_PELI,COD_ACT,PAPEL) values ('147D ','S47  ','Principal');
Insert into ACTUA (COD_PELI,COD_ACT,PAPEL) values ('456A ','Y45  ','Principal');
Insert into ACTUA (COD_PELI,COD_ACT,PAPEL) values ('888T ','W34  ','Principal');
Insert into ACTUA (COD_PELI,COD_ACT,PAPEL) values ('457P ','C52  ','Principal');
Insert into ACTUA (COD_PELI,COD_ACT,PAPEL) values ('158S ','A52  ','Principal');
Insert into ACTUA (COD_PELI,COD_ACT,PAPEL) values ('456F ','C15  ','Secundario');
Insert into ACTUA (COD_PELI,COD_ACT,PAPEL) values ('321N ','S47  ','Principal');
Insert into ACTUA (COD_PELI,COD_ACT,PAPEL) values ('456G ','W85  ','Principal');
Insert into ACTUA (COD_PELI,COD_ACT,PAPEL) values ('874F ','K77  ','Principal');
Insert into ACTUA (COD_PELI,COD_ACT,PAPEL) values ('887Y ','K77  ','Principal');
Insert into ACTUA (COD_PELI,COD_ACT,PAPEL) values ('852H ','D47  ','Principal');
Insert into ACTUA (COD_PELI,COD_ACT,PAPEL) values ('951D ','E45  ','Principal');
Insert into ACTUA (COD_PELI,COD_ACT,PAPEL) values ('314G ','S47  ','Principal');
Insert into ACTUA (COD_PELI,COD_ACT,PAPEL) values ('145K ','D56  ','Principal');
Insert into ACTUA (COD_PELI,COD_ACT,PAPEL) values ('365H ','W32  ','Principal');
Insert into ACTUA (COD_PELI,COD_ACT,PAPEL) values ('456A ','M45  ','Principal');
Insert into ACTUA (COD_PELI,COD_ACT,PAPEL) values ('258M ','D01  ','Principal');
Insert into ACTUA (COD_PELI,COD_ACT,PAPEL) values ('365H ','Y45  ','Principal');
Insert into ACTUA (COD_PELI,COD_ACT,PAPEL) values ('963L ','C15  ','Secundario');
Insert into ACTUA (COD_PELI,COD_ACT,PAPEL) values ('778E ','U88  ','Secundario');
Insert into ACTUA (COD_PELI,COD_ACT,PAPEL) values ('452W ','A52  ','Principal');
Insert into ACTUA (COD_PELI,COD_ACT,PAPEL) values ('145K ','A52  ','Secundario');
Insert into ACTUA (COD_PELI,COD_ACT,PAPEL) values ('887Y ','A52  ','Principal');
Insert into ACTUA (COD_PELI,COD_ACT,PAPEL) values ('874F ','S52  ','Principal');
Insert into ACTUA (COD_PELI,COD_ACT,PAPEL) values ('456G ','S52  ','Principal');
Insert into ACTUA (COD_PELI,COD_ACT,PAPEL) values ('321N ','S52  ','Principal');
Insert into ACTUA (COD_PELI,COD_ACT,PAPEL) values ('159A ','H54  ','Principal');
Insert into ACTUA (COD_PELI,COD_ACT,PAPEL) values ('457P ','U88  ','Principal');
Insert into ACTUA (COD_PELI,COD_ACT,PAPEL) values ('326F ','J65  ','Principal');
Insert into ACTUA (COD_PELI,COD_ACT,PAPEL) values ('887Y ','K78  ','Principal');
Insert into ACTUA (COD_PELI,COD_ACT,PAPEL) values ('456F ','S52  ','Principal');
Insert into ACTUA (COD_PELI,COD_ACT,PAPEL) values ('158S ','J58  ','Principal');
Insert into ACTUA (COD_PELI,COD_ACT,PAPEL) values ('856A ','W47  ','Principal');
Insert into ACTUA (COD_PELI,COD_ACT,PAPEL) values ('321N ','W32  ','Principal');
Insert into ACTUA (COD_PELI,COD_ACT,PAPEL) values ('874G ','A62  ','Principal');
Insert into ACTUA (COD_PELI,COD_ACT,PAPEL) values ('874F ','Z15  ','Principal');
Insert into ACTUA (COD_PELI,COD_ACT,PAPEL) values ('456F ','W47  ','Principal');
Insert into ACTUA (COD_PELI,COD_ACT,PAPEL) values ('159A ','A52  ','Principal');
Insert into ACTUA (COD_PELI,COD_ACT,PAPEL) values ('159D ','J47  ','Principal');
Insert into ACTUA (COD_PELI,COD_ACT,PAPEL) values ('118E ','L59  ','Principal');
Insert into ACTUA (COD_PELI,COD_ACT,PAPEL) values ('655D ','A62  ','Secundario');
Insert into ACTUA (COD_PELI,COD_ACT,PAPEL) values ('123S ','T44  ','Principal');
Insert into ACTUA (COD_PELI,COD_ACT,PAPEL) values ('741G ','C15  ','Secundario');
Insert into ACTUA (COD_PELI,COD_ACT,PAPEL) values ('741G ','E22  ','Secundario');
Insert into ACTUA (COD_PELI,COD_ACT,PAPEL) values ('552F ','K45  ','Secundario');
Insert into ACTUA (COD_PELI,COD_ACT,PAPEL) values ('987D ','A52  ','Principal');
Insert into ACTUA (COD_PELI,COD_ACT,PAPEL) values ('357L ','F56  ','Principal');
Insert into ACTUA (COD_PELI,COD_ACT,PAPEL) values ('774U ','K77  ','Principal');
Insert into ACTUA (COD_PELI,COD_ACT,PAPEL) values ('215J ','B45  ','Secundario');
Insert into ACTUA (COD_PELI,COD_ACT,PAPEL) values ('438S ','J65  ','Principal');
Insert into ACTUA (COD_PELI,COD_ACT,PAPEL) values ('548J ','D45  ','Principal');
Insert into ACTUA (COD_PELI,COD_ACT,PAPEL) values ('445G ','S51  ','Principal');
Insert into ACTUA (COD_PELI,COD_ACT,PAPEL) values ('582F ','W47  ','Secundario');
Insert into ACTUA (COD_PELI,COD_ACT,PAPEL) values ('654J ','A47  ','Secundario');
Insert into ACTUA (COD_PELI,COD_ACT,PAPEL) values ('159U ','K45  ','Principal');
Insert into ACTUA (COD_PELI,COD_ACT,PAPEL) values ('987O ','Y45  ','Secundario');
Insert into ACTUA (COD_PELI,COD_ACT,PAPEL) values ('751L ','A48  ','Principal');
Insert into ACTUA (COD_PELI,COD_ACT,PAPEL) values ('123J ','D56  ','Principal');
Insert into ACTUA (COD_PELI,COD_ACT,PAPEL) values ('658G ','A52  ','Principal');
Insert into ACTUA (COD_PELI,COD_ACT,PAPEL) values ('963L ','J56  ','Principal');
Insert into ACTUA (COD_PELI,COD_ACT,PAPEL) values ('123X ','Z15  ','Principal');
Insert into ACTUA (COD_PELI,COD_ACT,PAPEL) values ('215J ','W47  ','Principal');
Insert into ACTUA (COD_PELI,COD_ACT,PAPEL) values ('475A ','P15  ','Principal');
Insert into ACTUA (COD_PELI,COD_ACT,PAPEL) values ('741G ','E56  ','Principal');
Insert into ACTUA (COD_PELI,COD_ACT,PAPEL) values ('774U ','S45  ','Principal');
Insert into ACTUA (COD_PELI,COD_ACT,PAPEL) values ('332D ','W34  ','Principal');
Insert into ACTUA (COD_PELI,COD_ACT,PAPEL) values ('452K ','B45  ','Principal');
Insert into ACTUA (COD_PELI,COD_ACT,PAPEL) values ('789B ','W47  ','Principal');
Insert into ACTUA (COD_PELI,COD_ACT,PAPEL) values ('951D ','W34  ','Principal');
Insert into ACTUA (COD_PELI,COD_ACT,PAPEL) values ('326F ','S65  ','Principal');
Insert into ACTUA (COD_PELI,COD_ACT,PAPEL) values ('365H ','E56  ','Secundario');
Insert into ACTUA (COD_PELI,COD_ACT,PAPEL) values ('455K ','D52  ','Principal');
Insert into ACTUA (COD_PELI,COD_ACT,PAPEL) values ('475A ','D56  ','Principal');
Insert into ACTUA (COD_PELI,COD_ACT,PAPEL) values ('265W ','S47  ','Principal');
Insert into ACTUA (COD_PELI,COD_ACT,PAPEL) values ('147D ','E45  ','Principal');
Insert into ACTUA (COD_PELI,COD_ACT,PAPEL) values ('332D ','H45  ','Principal');
Insert into ACTUA (COD_PELI,COD_ACT,PAPEL) values ('369J ','A62  ','Secundario');
Insert into ACTUA (COD_PELI,COD_ACT,PAPEL) values ('123X ','C89  ','Secundario');
Insert into ACTUA (COD_PELI,COD_ACT,PAPEL) values ('548P ','W47  ','Principal');
Insert into ACTUA (COD_PELI,COD_ACT,PAPEL) values ('189G ','F55  ','Principal');
Insert into ACTUA (COD_PELI,COD_ACT,PAPEL) values ('987O ','A48  ','Principal');
Insert into ACTUA (COD_PELI,COD_ACT,PAPEL) values ('774U ','A48  ','Secundario');
Insert into ACTUA (COD_PELI,COD_ACT,PAPEL) values ('666F ','D56  ','Principal');
Insert into ACTUA (COD_PELI,COD_ACT,PAPEL) values ('159U ','W85  ','Principal');
Insert into ACTUA (COD_PELI,COD_ACT,PAPEL) values ('582F ','Y45  ','Secundario');
Insert into ACTUA (COD_PELI,COD_ACT,PAPEL) values ('121G ','K78  ','Principal');
Insert into ACTUA (COD_PELI,COD_ACT,PAPEL) values ('159G ','W47  ','Principal');
Insert into ACTUA (COD_PELI,COD_ACT,PAPEL) values ('123J ','W47  ','Principal');
Insert into ACTUA (COD_PELI,COD_ACT,PAPEL) values ('369F ','V88  ','Principal');
Insert into ACTUA (COD_PELI,COD_ACT,PAPEL) values ('658G ','A47  ','Principal');
Insert into ACTUA (COD_PELI,COD_ACT,PAPEL) values ('582F ','F55  ','Principal');
Insert into ACTUA (COD_PELI,COD_ACT,PAPEL) values ('144H ','S56  ','Principal');
Insert into ACTUA (COD_PELI,COD_ACT,PAPEL) values ('951L ','C52  ','Principal');
Insert into ACTUA (COD_PELI,COD_ACT,PAPEL) values ('258S ','W85  ','Principal');
Insert into ACTUA (COD_PELI,COD_ACT,PAPEL) values ('365A ','W32  ','Secundario');
Insert into ACTUA (COD_PELI,COD_ACT,PAPEL) values ('455K ','C52  ','Principal');
Insert into ACTUA (COD_PELI,COD_ACT,PAPEL) values ('475A ','K45  ','Secundario');
Insert into ACTUA (COD_PELI,COD_ACT,PAPEL) values ('789B ','J47  ','Secundario');
Insert into ACTUA (COD_PELI,COD_ACT,PAPEL) values ('159G ','M45  ','Principal');
Insert into ACTUA (COD_PELI,COD_ACT,PAPEL) values ('655D ','S52  ','Principal');
Insert into ACTUA (COD_PELI,COD_ACT,PAPEL) values ('121G ','E33  ','Principal');
Insert into ACTUA (COD_PELI,COD_ACT,PAPEL) values ('369F ','F77  ','Secundario');
