CREATE TABLE EQUIPO (NOMEQ VARCHAR(25) PRIMARY KEY, DIRECTOR VARCHAR(30));
CREATE TABLE CICLISTA (DORSAL INTEGER PRIMARY KEY, NOMBRE VARCHAR(30) NOT NULL, EDAD INTEGER, NOMEQ VARCHAR(25) REFERENCES EQUIPO (NOMEQ));
CREATE TABLE ETAPA (NETAPA INTEGER PRIMARY KEY, KM INTEGER, SALIDA VARCHAR(35), LLEGADA VARCHAR(35), DORSAL INTEGER REFERENCES CICLISTA (DORSAL));
CREATE TABLE PUERTO (NOMPUERTO VARCHAR(35) PRIMARY KEY, ALTURA INTEGER, CATEGORIA CHAR(1), PENDIENTE FLOAT, NETAPA INTEGER NOT NULL REFERENCES ETAPA (NETAPA), DORSAL INTEGER REFERENCES CICLISTA (DORSAL));
CREATE TABLE MAILLOT (CODIGO CHAR(3) PRIMARY KEY, TIPO VARCHAR(30), COLOR VARCHAR(20), PREMIO INTEGER);
CREATE TABLE LLEVAR (DORSAL INTEGER NOT NULL REFERENCES CICLISTA (DORSAL), NETAPA INTEGER REFERENCES ETAPA (NETAPA), CODIGO CHAR(3) REFERENCES MAILLOT (CODIGO), PRIMARY KEY (NETAPA,CODIGO));

Insert into EQUIPO (NOMEQ,DIRECTOR) values ('Artiach','José Peréz');
Insert into EQUIPO (NOMEQ,DIRECTOR) values ('Banesto','Miguel Echevarria');
Insert into EQUIPO (NOMEQ,DIRECTOR) values ('Bresciali-Refin','Pietro Armani');
Insert into EQUIPO (NOMEQ,DIRECTOR) values ('Carrera','Luigi Petroni');
Insert into EQUIPO (NOMEQ,DIRECTOR) values ('Castorama','Jean Philip');
Insert into EQUIPO (NOMEQ,DIRECTOR) values ('Euskadi','Pedro Txucaru');
Insert into EQUIPO (NOMEQ,DIRECTOR) values ('Gatorade','Gian Luca Pacceli');
Insert into EQUIPO (NOMEQ,DIRECTOR) values ('Gewiss','Moreno Argentin');
Insert into EQUIPO (NOMEQ,DIRECTOR) values ('Jolly Club','Johan Richard');
Insert into EQUIPO (NOMEQ,DIRECTOR) values ('Kelme','Álvaro Pino');
Insert into EQUIPO (NOMEQ,DIRECTOR) values ('Lotus Festina','Suarez Cuevas');
Insert into EQUIPO (NOMEQ,DIRECTOR) values ('Mapei-Clas','Juan Fernandez');
Insert into EQUIPO (NOMEQ,DIRECTOR) values ('Mercatone Uno','Ettore Romano');
Insert into EQUIPO (NOMEQ,DIRECTOR) values ('Motorola','John Fidwell');
Insert into EQUIPO (NOMEQ,DIRECTOR) values ('Navigare','Lonrenzo Sciacci');
Insert into EQUIPO (NOMEQ,DIRECTOR) values ('ONCE','Manuel Sainz');
Insert into EQUIPO (NOMEQ,DIRECTOR) values ('PDM','Piet Van Der Kruis');
Insert into EQUIPO (NOMEQ,DIRECTOR) values ('Seguros Amaya','Minguez');
Insert into EQUIPO (NOMEQ,DIRECTOR) values ('Telecom','Morgan Reikcard');
Insert into EQUIPO (NOMEQ,DIRECTOR) values ('TVM','Steveens Henk');
Insert into EQUIPO (NOMEQ,DIRECTOR) values ('Wordperfect','Bill Gates');
Insert into EQUIPO (NOMEQ,DIRECTOR) values ('Amore Vita','Ricardo Padacci');

Insert into CICLISTA (DORSAL,NOMBRE,EDAD,NOMEQ) values ('1','Miguel Induráin','32','Banesto');
Insert into CICLISTA (DORSAL,NOMBRE,EDAD,NOMEQ) values ('2','Pedro Delgado','35','Banesto');
Insert into CICLISTA (DORSAL,NOMBRE,EDAD,NOMEQ) values ('3','Alex Zulle','27','ONCE');
Insert into CICLISTA (DORSAL,NOMBRE,EDAD,NOMEQ) values ('4','Tony Rominger','30','Mapei-Clas');
Insert into CICLISTA (DORSAL,NOMBRE,EDAD,NOMEQ) values ('5','Gert-Jan Theunisse','32','TVM');
Insert into CICLISTA (DORSAL,NOMBRE,EDAD,NOMEQ) values ('6','Adriano Baffi','33','Mercatone Uno');
Insert into CICLISTA (DORSAL,NOMBRE,EDAD,NOMEQ) values ('7','Massimiliano Lelli','30','Mercatone Uno');
Insert into CICLISTA (DORSAL,NOMBRE,EDAD,NOMEQ) values ('8','Jean Van Poppel','33','Lotus Festina');
Insert into CICLISTA (DORSAL,NOMBRE,EDAD,NOMEQ) values ('9','Massimo Podenzana','34','Navigare');
Insert into CICLISTA (DORSAL,NOMBRE,EDAD,NOMEQ) values ('10','Mario Cipollini','28','Mercatone Uno');
Insert into CICLISTA (DORSAL,NOMBRE,EDAD,NOMEQ) values ('11','Flavio Giupponi','31','Bresciali-Refin');
Insert into CICLISTA (DORSAL,NOMBRE,EDAD,NOMEQ) values ('12','Alessio Di Basco','31','Amore Vita');
Insert into CICLISTA (DORSAL,NOMBRE,EDAD,NOMEQ) values ('13','Lale Cubino','28','Seguros Amaya');
Insert into CICLISTA (DORSAL,NOMBRE,EDAD,NOMEQ) values ('14','Roberto Pagnin','33','Navigare');
Insert into CICLISTA (DORSAL,NOMBRE,EDAD,NOMEQ) values ('15','Jesper Skibby','31','TVM');
Insert into CICLISTA (DORSAL,NOMBRE,EDAD,NOMEQ) values ('16','Dimitri Konishev','29','Jolly Club');
Insert into CICLISTA (DORSAL,NOMBRE,EDAD,NOMEQ) values ('17','Bruno Leali','37','Bresciali-Refin');
Insert into CICLISTA (DORSAL,NOMBRE,EDAD,NOMEQ) values ('18','Robert Millar','37','TVM');
Insert into CICLISTA (DORSAL,NOMBRE,EDAD,NOMEQ) values ('19','Julian Gorospe','34','Banesto');
Insert into CICLISTA (DORSAL,NOMBRE,EDAD,NOMEQ) values ('20','Alfonso Gutiérrez','29','Artiach');
Insert into CICLISTA (DORSAL,NOMBRE,EDAD,NOMEQ) values ('21','Erwin Nijboer','31','Artiach');
Insert into CICLISTA (DORSAL,NOMBRE,EDAD,NOMEQ) values ('22','Giorgio Furlan','32','Gewiss');
Insert into CICLISTA (DORSAL,NOMBRE,EDAD,NOMEQ) values ('23','Lance Armstrong','27','Motorola');
Insert into CICLISTA (DORSAL,NOMBRE,EDAD,NOMEQ) values ('24','Claudio Chiappucci','29','Carrera');
Insert into CICLISTA (DORSAL,NOMBRE,EDAD,NOMEQ) values ('25','Gianni Bugno','32','Gatorade');
Insert into CICLISTA (DORSAL,NOMBRE,EDAD,NOMEQ) values ('26','Mikel Zarrabeitia','27','Banesto');
Insert into CICLISTA (DORSAL,NOMBRE,EDAD,NOMEQ) values ('27','Laurent Jalabert','28','ONCE');
Insert into CICLISTA (DORSAL,NOMBRE,EDAD,NOMEQ) values ('28','Jesus Montoya','33','Banesto');
Insert into CICLISTA (DORSAL,NOMBRE,EDAD,NOMEQ) values ('29','Angel Edo','28','Kelme');
Insert into CICLISTA (DORSAL,NOMBRE,EDAD,NOMEQ) values ('30','Melchor Mauri','28','Banesto');
Insert into CICLISTA (DORSAL,NOMBRE,EDAD,NOMEQ) values ('31','Vicente Aparicio','30','Banesto');
Insert into CICLISTA (DORSAL,NOMBRE,EDAD,NOMEQ) values ('32','Laurent Dufaux','28','ONCE');
Insert into CICLISTA (DORSAL,NOMBRE,EDAD,NOMEQ) values ('33','Stefano della Santa','29','Mapei-Clas');
Insert into CICLISTA (DORSAL,NOMBRE,EDAD,NOMEQ) values ('34','Angel Yesid Camargo','30','Kelme');
Insert into CICLISTA (DORSAL,NOMBRE,EDAD,NOMEQ) values ('35','Erik Dekker','28','Wordperfect');
Insert into CICLISTA (DORSAL,NOMBRE,EDAD,NOMEQ) values ('36','Gian Matteo Fagnini','32','Mercatone Uno');
Insert into CICLISTA (DORSAL,NOMBRE,EDAD,NOMEQ) values ('37','Scott Sunderland','29','TVM');
Insert into CICLISTA (DORSAL,NOMBRE,EDAD,NOMEQ) values ('38','Javier Palacin','25','Euskadi');
Insert into CICLISTA (DORSAL,NOMBRE,EDAD,NOMEQ) values ('39','Rudy Verdonck','30','Lotus Festina');
Insert into CICLISTA (DORSAL,NOMBRE,EDAD,NOMEQ) values ('40','Viatceslav Ekimov','32','Wordperfect');
Insert into CICLISTA (DORSAL,NOMBRE,EDAD,NOMEQ) values ('41','Rolf Aldag','25','Telecom');
Insert into CICLISTA (DORSAL,NOMBRE,EDAD,NOMEQ) values ('42','Davide Cassani','29','TVM');
Insert into CICLISTA (DORSAL,NOMBRE,EDAD,NOMEQ) values ('43','Francesco Casagrande','28','Mercatone Uno');
Insert into CICLISTA (DORSAL,NOMBRE,EDAD,NOMEQ) values ('44','Luca Gelfi','27','Gatorade');
Insert into CICLISTA (DORSAL,NOMBRE,EDAD,NOMEQ) values ('45','Alberto Elli','26','Artiach');
Insert into CICLISTA (DORSAL,NOMBRE,EDAD,NOMEQ) values ('46','Agustin Sagasti','24','Euskadi');
Insert into CICLISTA (DORSAL,NOMBRE,EDAD,NOMEQ) values ('47','Laurent Pillon','32','Gewiss');
Insert into CICLISTA (DORSAL,NOMBRE,EDAD,NOMEQ) values ('48','Marco Saligari','29','Gewiss');
Insert into CICLISTA (DORSAL,NOMBRE,EDAD,NOMEQ) values ('49','Eugeni Berzin','23','Gewiss');
Insert into CICLISTA (DORSAL,NOMBRE,EDAD,NOMEQ) values ('50','Fernando Escartin','27','Mapei-Clas');
Insert into CICLISTA (DORSAL,NOMBRE,EDAD,NOMEQ) values ('51','Udo Bolts','30','Telecom');
Insert into CICLISTA (DORSAL,NOMBRE,EDAD,NOMEQ) values ('52','Vladislav Bobrik','26','Gewiss');
Insert into CICLISTA (DORSAL,NOMBRE,EDAD,NOMEQ) values ('53','Michele Bartoli','28','Mercatone Uno');
Insert into CICLISTA (DORSAL,NOMBRE,EDAD,NOMEQ) values ('54','Steffen Wesemann','30','Telecom');
Insert into CICLISTA (DORSAL,NOMBRE,EDAD,NOMEQ) values ('55','Nicola Minali','28','Gewiss');
Insert into CICLISTA (DORSAL,NOMBRE,EDAD,NOMEQ) values ('56','Andrew Hampsten','29','Banesto');
Insert into CICLISTA (DORSAL,NOMBRE,EDAD,NOMEQ) values ('57','Stefano Zanini','28','Navigare');
Insert into CICLISTA (DORSAL,NOMBRE,EDAD,NOMEQ) values ('58','Gerd Audehm','34','Telecom');
Insert into CICLISTA (DORSAL,NOMBRE,EDAD,NOMEQ) values ('59','Mariano Picolli','28','Mercatone Uno');
Insert into CICLISTA (DORSAL,NOMBRE,EDAD,NOMEQ) values ('60','Giovanni Lombardi','28','Bresciali-Refin');
Insert into CICLISTA (DORSAL,NOMBRE,EDAD,NOMEQ) values ('61','Walte Castignola','26','Navigare');
Insert into CICLISTA (DORSAL,NOMBRE,EDAD,NOMEQ) values ('62','Raul Alcala','30','Motorola');
Insert into CICLISTA (DORSAL,NOMBRE,EDAD,NOMEQ) values ('63','Alvaro Mejia','32','Motorola');
Insert into CICLISTA (DORSAL,NOMBRE,EDAD,NOMEQ) values ('64','Giuseppe Petito','28','Mercatone Uno');
Insert into CICLISTA (DORSAL,NOMBRE,EDAD,NOMEQ) values ('65','Pascal Lino','29','Amore Vita');
Insert into CICLISTA (DORSAL,NOMBRE,EDAD,NOMEQ) values ('66','Enrico Zaina','24','Gewiss');
Insert into CICLISTA (DORSAL,NOMBRE,EDAD,NOMEQ) values ('67','Armand de las Cuevas','28','Castorama');
Insert into CICLISTA (DORSAL,NOMBRE,EDAD,NOMEQ) values ('68','Angel Citracca','28','Navigare');
Insert into CICLISTA (DORSAL,NOMBRE,EDAD,NOMEQ) values ('69','Eddy Seigneur','27','Castorama');
Insert into CICLISTA (DORSAL,NOMBRE,EDAD,NOMEQ) values ('70','Sandro Heulot','29','Banesto');
Insert into CICLISTA (DORSAL,NOMBRE,EDAD,NOMEQ) values ('71','Prudencio Induráin','27','Banesto');
Insert into CICLISTA (DORSAL,NOMBRE,EDAD,NOMEQ) values ('72','Stefano Colage','28','Bresciali-Refin');
Insert into CICLISTA (DORSAL,NOMBRE,EDAD,NOMEQ) values ('73','Laurent Fignon','35','Gatorade');
Insert into CICLISTA (DORSAL,NOMBRE,EDAD,NOMEQ) values ('74','Claudio Chioccioli','36','Amore Vita');
Insert into CICLISTA (DORSAL,NOMBRE,EDAD,NOMEQ) values ('75','Juan Romero','32','Seguros Amaya');
Insert into CICLISTA (DORSAL,NOMBRE,EDAD,NOMEQ) values ('76','Marco Giovannetti','34','Gatorade');
Insert into CICLISTA (DORSAL,NOMBRE,EDAD,NOMEQ) values ('77','Javier Mauleon','33','Mapei-Clas');
Insert into CICLISTA (DORSAL,NOMBRE,EDAD,NOMEQ) values ('78','Antonio Esparza','35','Kelme');
Insert into CICLISTA (DORSAL,NOMBRE,EDAD,NOMEQ) values ('79','Johan Bruyneel','33','ONCE');
Insert into CICLISTA (DORSAL,NOMBRE,EDAD,NOMEQ) values ('80','Federico Echave','37','Mapei-Clas');
Insert into CICLISTA (DORSAL,NOMBRE,EDAD,NOMEQ) values ('81','Piotr Ugrumov','33','Gewiss');
Insert into CICLISTA (DORSAL,NOMBRE,EDAD,NOMEQ) values ('82','Edgar Corredor','30','Kelme');
Insert into CICLISTA (DORSAL,NOMBRE,EDAD,NOMEQ) values ('83','Hernan Buenahora','32','Kelme');
Insert into CICLISTA (DORSAL,NOMBRE,EDAD,NOMEQ) values ('84','Jon Unzaga','31','Mapei-Clas');
Insert into CICLISTA (DORSAL,NOMBRE,EDAD,NOMEQ) values ('85','Dimitri Abdoujaparov','30','Carrera');
Insert into CICLISTA (DORSAL,NOMBRE,EDAD,NOMEQ) values ('86','Juan Martinez Oliver','32','Kelme');
Insert into CICLISTA (DORSAL,NOMBRE,EDAD,NOMEQ) values ('87','Fernando Mota','32','Artiach');
Insert into CICLISTA (DORSAL,NOMBRE,EDAD,NOMEQ) values ('88','Angel Camarillo','28','Mapei-Clas');
Insert into CICLISTA (DORSAL,NOMBRE,EDAD,NOMEQ) values ('89','Stefan Roche','36','Carrera');
Insert into CICLISTA (DORSAL,NOMBRE,EDAD,NOMEQ) values ('90','Ivan Ivanov','27','Artiach');
Insert into CICLISTA (DORSAL,NOMBRE,EDAD,NOMEQ) values ('91','Nestor Mora','28','Kelme');
Insert into CICLISTA (DORSAL,NOMBRE,EDAD,NOMEQ) values ('92','Federico Garcia','27','Artiach');
Insert into CICLISTA (DORSAL,NOMBRE,EDAD,NOMEQ) values ('93','Bo Hamburger','29','TVM');
Insert into CICLISTA (DORSAL,NOMBRE,EDAD,NOMEQ) values ('94','Marino Alonso','30','Banesto');
Insert into CICLISTA (DORSAL,NOMBRE,EDAD,NOMEQ) values ('95','Manuel Guijarro','31','Lotus Festina');
Insert into CICLISTA (DORSAL,NOMBRE,EDAD,NOMEQ) values ('96','Tom Cordes','29','Wordperfect');
Insert into CICLISTA (DORSAL,NOMBRE,EDAD,NOMEQ) values ('97','Casimiro Moreda','28','ONCE');
Insert into CICLISTA (DORSAL,NOMBRE,EDAD,NOMEQ) values ('98','Eleuterio Anguita','25','Artiach');
Insert into CICLISTA (DORSAL,NOMBRE,EDAD,NOMEQ) values ('99','Per Pedersen','29','Seguros Amaya');
Insert into CICLISTA (DORSAL,NOMBRE,EDAD,NOMEQ) values ('100','William Palacios','30','Jolly Club');

Insert into ETAPA (NETAPA,KM,SALIDA,LLEGADA,DORSAL) values ('1','9','Valladolid','Valladolid','1');
Insert into ETAPA (NETAPA,KM,SALIDA,LLEGADA,DORSAL) values ('2','180','Valladolid','Salamanca','36');
Insert into ETAPA (NETAPA,KM,SALIDA,LLEGADA,DORSAL) values ('3','240','Salamanca','Caceres','12');
Insert into ETAPA (NETAPA,KM,SALIDA,LLEGADA,DORSAL) values ('4','230','Almendralejo','Córdoba','83');
Insert into ETAPA (NETAPA,KM,SALIDA,LLEGADA,DORSAL) values ('5','170','Córdoba','Granada','27');
Insert into ETAPA (NETAPA,KM,SALIDA,LLEGADA,DORSAL) values ('6','150','Granada','Sierra Nevada','52');
Insert into ETAPA (NETAPA,KM,SALIDA,LLEGADA,DORSAL) values ('7','250','Baza','Alicante','22');
Insert into ETAPA (NETAPA,KM,SALIDA,LLEGADA,DORSAL) values ('8','40','Benidorm','Benidorm','1');
Insert into ETAPA (NETAPA,KM,SALIDA,LLEGADA,DORSAL) values ('9','150','Benidorm','Valencia','35');
Insert into ETAPA (NETAPA,KM,SALIDA,LLEGADA,DORSAL) values ('10','200','Igualada','Andorra','2');
Insert into ETAPA (NETAPA,KM,SALIDA,LLEGADA,DORSAL) values ('11','195','Andorra','Estación de Cerler','65');
Insert into ETAPA (NETAPA,KM,SALIDA,LLEGADA,DORSAL) values ('12','220','Benasque','Zaragoza','12');
Insert into ETAPA (NETAPA,KM,SALIDA,LLEGADA,DORSAL) values ('13','200','Zaragoza','Pamplona','93');
Insert into ETAPA (NETAPA,KM,SALIDA,LLEGADA,DORSAL) values ('14','172','Pamplona','Alto de la Cruz de la Demanda','86');
Insert into ETAPA (NETAPA,KM,SALIDA,LLEGADA,DORSAL) values ('15','207','Santo Domingo de la Calzada','Santander','10');
Insert into ETAPA (NETAPA,KM,SALIDA,LLEGADA,DORSAL) values ('16','160','Santander','Lagos de Covadonga','5');
Insert into ETAPA (NETAPA,KM,SALIDA,LLEGADA,DORSAL) values ('17','140','Cangas de Onis','Alto del Naranco','4');
Insert into ETAPA (NETAPA,KM,SALIDA,LLEGADA,DORSAL) values ('18','195','Ávila','Ávila','8');
Insert into ETAPA (NETAPA,KM,SALIDA,LLEGADA,DORSAL) values ('19','190','Ávila','Destilerias Dyc','2');
Insert into ETAPA (NETAPA,KM,SALIDA,LLEGADA,DORSAL) values ('20','52','Segovia','Destilerias Dyc','2');
Insert into ETAPA (NETAPA,KM,SALIDA,LLEGADA,DORSAL) values ('21','170','Destilerias Dyc','Madrid','27');

Insert into PUERTO (NOMPUERTO,ALTURA,CATEGORIA,PENDIENTE,NETAPA,DORSAL) values ('Alto del Naranco','565','1','6.9','10','30');
Insert into PUERTO (NOMPUERTO,ALTURA,CATEGORIA,PENDIENTE,NETAPA,DORSAL) values ('Arcalis','2230','E','6.5','10','4');
Insert into PUERTO (NOMPUERTO,ALTURA,CATEGORIA,PENDIENTE,NETAPA,DORSAL) values ('Cerler-Circo de Ampriu','2500','E','5.87','11','9');
Insert into PUERTO (NOMPUERTO,ALTURA,CATEGORIA,PENDIENTE,NETAPA,DORSAL) values ('Coll de la Comella','1362','1','8.07','10','2');
Insert into PUERTO (NOMPUERTO,ALTURA,CATEGORIA,PENDIENTE,NETAPA,DORSAL) values ('Coll de Ordino','1980','E','5.3','10','7');
Insert into PUERTO (NOMPUERTO,ALTURA,CATEGORIA,PENDIENTE,NETAPA,DORSAL) values ('Cruz de la Demanda','1850','E','7','11','20');
Insert into PUERTO (NOMPUERTO,ALTURA,CATEGORIA,PENDIENTE,NETAPA,DORSAL) values ('Lagos de Covadonga','1134','E','6.86','16','42');
Insert into PUERTO (NOMPUERTO,ALTURA,CATEGORIA,PENDIENTE,NETAPA,DORSAL) values ('Navacerrada','1860','1','7.5','19','2');
Insert into PUERTO (NOMPUERTO,ALTURA,CATEGORIA,PENDIENTE,NETAPA,DORSAL) values ('Puerto de Alisas','672','1','5.8','15','1');
Insert into PUERTO (NOMPUERTO,ALTURA,CATEGORIA,PENDIENTE,NETAPA,DORSAL) values ('Puerto de la Morcuera','1760','2','6.5','19','2');
Insert into PUERTO (NOMPUERTO,ALTURA,CATEGORIA,PENDIENTE,NETAPA,DORSAL) values ('Puerto de Mijares','1525','1','4.9','18','24');
Insert into PUERTO (NOMPUERTO,ALTURA,CATEGORIA,PENDIENTE,NETAPA,DORSAL) values ('Puerto de Navalmoral','1521','2','4.3','18','2');
Insert into PUERTO (NOMPUERTO,ALTURA,CATEGORIA,PENDIENTE,NETAPA,DORSAL) values ('Puerto de Pedro Bernardo','1250','1','4.2','18','25');
Insert into PUERTO (NOMPUERTO,ALTURA,CATEGORIA,PENDIENTE,NETAPA,DORSAL) values ('Sierra Nevada','2500','E','6','2','26');

Insert into MAILLOT (CODIGO,TIPO,COLOR,PREMIO) values ('MGE','General','Amarillo','8000000');
Insert into MAILLOT (CODIGO,TIPO,COLOR,PREMIO) values ('MMO','Montaña','Blanco y Rojo','2000000');
Insert into MAILLOT (CODIGO,TIPO,COLOR,PREMIO) values ('MMS','Mas Sufrido','Estrellitas moradas','2000000');
Insert into MAILLOT (CODIGO,TIPO,COLOR,PREMIO) values ('MMV','Metas volantes','Rojo','2000000');
Insert into MAILLOT (CODIGO,TIPO,COLOR,PREMIO) values ('MRE','Regularidad','Verde','2000000');
Insert into MAILLOT (CODIGO,TIPO,COLOR,PREMIO) values ('MSE','Sprints especiales','Rosa','2000000');

Insert into LLEVAR (DORSAL,NETAPA,CODIGO) values ('1','1','MGE');
Insert into LLEVAR (DORSAL,NETAPA,CODIGO) values ('1','1','MMO');
Insert into LLEVAR (DORSAL,NETAPA,CODIGO) values ('67','1','MMS');
Insert into LLEVAR (DORSAL,NETAPA,CODIGO) values ('1','1','MMV');
Insert into LLEVAR (DORSAL,NETAPA,CODIGO) values ('1','1','MRE');
Insert into LLEVAR (DORSAL,NETAPA,CODIGO) values ('1','1','MSE');
Insert into LLEVAR (DORSAL,NETAPA,CODIGO) values ('1','2','MGE');
Insert into LLEVAR (DORSAL,NETAPA,CODIGO) values ('25','2','MMO');
Insert into LLEVAR (DORSAL,NETAPA,CODIGO) values ('69','2','MMS');
Insert into LLEVAR (DORSAL,NETAPA,CODIGO) values ('16','2','MMV');
Insert into LLEVAR (DORSAL,NETAPA,CODIGO) values ('27','2','MRE');
Insert into LLEVAR (DORSAL,NETAPA,CODIGO) values ('8','2','MSE');
Insert into LLEVAR (DORSAL,NETAPA,CODIGO) values ('1','3','MGE');
Insert into LLEVAR (DORSAL,NETAPA,CODIGO) values ('25','3','MMO');
Insert into LLEVAR (DORSAL,NETAPA,CODIGO) values ('67','3','MMS');
Insert into LLEVAR (DORSAL,NETAPA,CODIGO) values ('16','3','MMV');
Insert into LLEVAR (DORSAL,NETAPA,CODIGO) values ('27','3','MRE');
Insert into LLEVAR (DORSAL,NETAPA,CODIGO) values ('12','3','MSE');
Insert into LLEVAR (DORSAL,NETAPA,CODIGO) values ('1','4','MGE');
Insert into LLEVAR (DORSAL,NETAPA,CODIGO) values ('24','4','MMO');
Insert into LLEVAR (DORSAL,NETAPA,CODIGO) values ('69','4','MMS');
Insert into LLEVAR (DORSAL,NETAPA,CODIGO) values ('17','4','MMV');
Insert into LLEVAR (DORSAL,NETAPA,CODIGO) values ('27','4','MRE');
Insert into LLEVAR (DORSAL,NETAPA,CODIGO) values ('8','4','MSE');
Insert into LLEVAR (DORSAL,NETAPA,CODIGO) values ('2','5','MGE');
Insert into LLEVAR (DORSAL,NETAPA,CODIGO) values ('25','5','MMO');
Insert into LLEVAR (DORSAL,NETAPA,CODIGO) values ('16','5','MMV');
Insert into LLEVAR (DORSAL,NETAPA,CODIGO) values ('27','5','MRE');
Insert into LLEVAR (DORSAL,NETAPA,CODIGO) values ('12','5','MSE');
Insert into LLEVAR (DORSAL,NETAPA,CODIGO) values ('2','6','MGE');
Insert into LLEVAR (DORSAL,NETAPA,CODIGO) values ('26','6','MMO');
Insert into LLEVAR (DORSAL,NETAPA,CODIGO) values ('16','6','MMV');
Insert into LLEVAR (DORSAL,NETAPA,CODIGO) values ('20','6','MRE');
Insert into LLEVAR (DORSAL,NETAPA,CODIGO) values ('12','6','MSE');
Insert into LLEVAR (DORSAL,NETAPA,CODIGO) values ('2','7','MGE');
Insert into LLEVAR (DORSAL,NETAPA,CODIGO) values ('26','7','MMO');
Insert into LLEVAR (DORSAL,NETAPA,CODIGO) values ('33','7','MMV');
Insert into LLEVAR (DORSAL,NETAPA,CODIGO) values ('20','7','MRE');
Insert into LLEVAR (DORSAL,NETAPA,CODIGO) values ('99','7','MSE');
Insert into LLEVAR (DORSAL,NETAPA,CODIGO) values ('4','8','MGE');
Insert into LLEVAR (DORSAL,NETAPA,CODIGO) values ('26','8','MMO');
Insert into LLEVAR (DORSAL,NETAPA,CODIGO) values ('33','8','MMV');
Insert into LLEVAR (DORSAL,NETAPA,CODIGO) values ('20','8','MRE');
Insert into LLEVAR (DORSAL,NETAPA,CODIGO) values ('99','8','MSE');
Insert into LLEVAR (DORSAL,NETAPA,CODIGO) values ('26','9','MGE');
Insert into LLEVAR (DORSAL,NETAPA,CODIGO) values ('26','9','MMO');
Insert into LLEVAR (DORSAL,NETAPA,CODIGO) values ('48','9','MMV');
Insert into LLEVAR (DORSAL,NETAPA,CODIGO) values ('20','9','MRE');
Insert into LLEVAR (DORSAL,NETAPA,CODIGO) values ('99','9','MSE');
Insert into LLEVAR (DORSAL,NETAPA,CODIGO) values ('26','10','MGE');
Insert into LLEVAR (DORSAL,NETAPA,CODIGO) values ('30','10','MMO');
Insert into LLEVAR (DORSAL,NETAPA,CODIGO) values ('48','10','MMV');
Insert into LLEVAR (DORSAL,NETAPA,CODIGO) values ('20','10','MRE');
Insert into LLEVAR (DORSAL,NETAPA,CODIGO) values ('99','10','MSE');
Insert into LLEVAR (DORSAL,NETAPA,CODIGO) values ('3','11','MGE');
Insert into LLEVAR (DORSAL,NETAPA,CODIGO) values ('30','11','MMO');
Insert into LLEVAR (DORSAL,NETAPA,CODIGO) values ('48','11','MMV');
Insert into LLEVAR (DORSAL,NETAPA,CODIGO) values ('20','11','MRE');
Insert into LLEVAR (DORSAL,NETAPA,CODIGO) values ('99','11','MSE');
Insert into LLEVAR (DORSAL,NETAPA,CODIGO) values ('3','12','MGE');
Insert into LLEVAR (DORSAL,NETAPA,CODIGO) values ('30','12','MMO');
Insert into LLEVAR (DORSAL,NETAPA,CODIGO) values ('48','12','MMV');
Insert into LLEVAR (DORSAL,NETAPA,CODIGO) values ('20','12','MRE');
Insert into LLEVAR (DORSAL,NETAPA,CODIGO) values ('99','12','MSE');
Insert into LLEVAR (DORSAL,NETAPA,CODIGO) values ('30','13','MGE');
Insert into LLEVAR (DORSAL,NETAPA,CODIGO) values ('30','13','MMO');
Insert into LLEVAR (DORSAL,NETAPA,CODIGO) values ('48','13','MMV');
Insert into LLEVAR (DORSAL,NETAPA,CODIGO) values ('20','13','MRE');
Insert into LLEVAR (DORSAL,NETAPA,CODIGO) values ('99','13','MSE');
Insert into LLEVAR (DORSAL,NETAPA,CODIGO) values ('30','14','MGE');
Insert into LLEVAR (DORSAL,NETAPA,CODIGO) values ('28','14','MMO');
Insert into LLEVAR (DORSAL,NETAPA,CODIGO) values ('42','14','MMV');
Insert into LLEVAR (DORSAL,NETAPA,CODIGO) values ('20','14','MRE');
Insert into LLEVAR (DORSAL,NETAPA,CODIGO) values ('22','14','MSE');
Insert into LLEVAR (DORSAL,NETAPA,CODIGO) values ('30','15','MGE');
Insert into LLEVAR (DORSAL,NETAPA,CODIGO) values ('28','15','MMO');
Insert into LLEVAR (DORSAL,NETAPA,CODIGO) values ('42','15','MMV');
Insert into LLEVAR (DORSAL,NETAPA,CODIGO) values ('20','15','MRE');
Insert into LLEVAR (DORSAL,NETAPA,CODIGO) values ('22','15','MSE');
Insert into LLEVAR (DORSAL,NETAPA,CODIGO) values ('1','16','MGE');
Insert into LLEVAR (DORSAL,NETAPA,CODIGO) values ('28','16','MMO');
Insert into LLEVAR (DORSAL,NETAPA,CODIGO) values ('42','16','MMV');
Insert into LLEVAR (DORSAL,NETAPA,CODIGO) values ('20','16','MRE');
Insert into LLEVAR (DORSAL,NETAPA,CODIGO) values ('22','16','MSE');
Insert into LLEVAR (DORSAL,NETAPA,CODIGO) values ('1','17','MGE');
Insert into LLEVAR (DORSAL,NETAPA,CODIGO) values ('28','17','MMO');
Insert into LLEVAR (DORSAL,NETAPA,CODIGO) values ('42','17','MMV');
Insert into LLEVAR (DORSAL,NETAPA,CODIGO) values ('20','17','MRE');
Insert into LLEVAR (DORSAL,NETAPA,CODIGO) values ('22','17','MSE');
Insert into LLEVAR (DORSAL,NETAPA,CODIGO) values ('1','18','MGE');
Insert into LLEVAR (DORSAL,NETAPA,CODIGO) values ('26','18','MMO');
Insert into LLEVAR (DORSAL,NETAPA,CODIGO) values ('20','18','MMV');
Insert into LLEVAR (DORSAL,NETAPA,CODIGO) values ('27','18','MRE');
Insert into LLEVAR (DORSAL,NETAPA,CODIGO) values ('10','18','MSE');
Insert into LLEVAR (DORSAL,NETAPA,CODIGO) values ('1','19','MGE');
Insert into LLEVAR (DORSAL,NETAPA,CODIGO) values ('28','19','MMO');
Insert into LLEVAR (DORSAL,NETAPA,CODIGO) values ('42','19','MMV');
Insert into LLEVAR (DORSAL,NETAPA,CODIGO) values ('20','19','MRE');
Insert into LLEVAR (DORSAL,NETAPA,CODIGO) values ('22','19','MSE');
Insert into LLEVAR (DORSAL,NETAPA,CODIGO) values ('1','20','MGE');
Insert into LLEVAR (DORSAL,NETAPA,CODIGO) values ('28','20','MMO');
Insert into LLEVAR (DORSAL,NETAPA,CODIGO) values ('42','20','MMV');
Insert into LLEVAR (DORSAL,NETAPA,CODIGO) values ('20','20','MRE');
Insert into LLEVAR (DORSAL,NETAPA,CODIGO) values ('22','20','MSE');
Insert into LLEVAR (DORSAL,NETAPA,CODIGO) values ('1','21','MGE');
Insert into LLEVAR (DORSAL,NETAPA,CODIGO) values ('2','21','MMO');
Insert into LLEVAR (DORSAL,NETAPA,CODIGO) values ('42','21','MMV');
Insert into LLEVAR (DORSAL,NETAPA,CODIGO) values ('20','21','MRE');
Insert into LLEVAR (DORSAL,NETAPA,CODIGO) values ('22','21','MSE');